,Temperature (K),Pressure (MPa),Density (mol/l),Volume (l/mol),Internal Energy (kJ/mol),Enthalpy (kJ/mol),Entropy (J/mol*K),Cv (J/mol*K),Cp (J/mol*K),Sound Spd. (m/s),Joule-Thomson (K/MPa),Viscosity (uPa*s),Therm. Cond. (W/m*K),Surf. Tension (N/m),Phase
0,273.16,0.00061165,55.497,0.018019,-1.5169e-12,1.1021e-05,-5.3169e-12,75.978,76.023,1402.3,-0.24142,1791.4,0.55560,0.075646,liquid
1,273.78,0.00063992,55.499,0.018018,0.047368,0.047379,0.17321,75.953,75.985,1405.4,-0.24081,1753.1,0.55718,0.075559,liquid
2,274.41,0.00066933,55.501,0.018018,0.094712,0.094724,0.34594,75.928,75.948,1408.5,-0.24021,1716.2,0.55875,0.075472,liquid
3,275.03,0.00069994,55.502,0.018017,0.14203,0.14205,0.51820,75.902,75.914,1411.5,-0.23962,1680.5,0.56029,0.075384,liquid
4,275.65,0.00073177,55.503,0.018017,0.18934,0.18935,0.68999,75.875,75.881,1414.5,-0.23904,1645.9,0.56182,0.075296,liquid
5,276.28,0.00076489,55.504,0.018017,0.23662,0.23663,0.86132,75.847,75.849,1417.4,-0.23846,1612.5,0.56332,0.075208,liquid
6,276.90,0.00079932,55.504,0.018017,0.28388,0.28389,1.0322,75.819,75.819,1420.3,-0.23789,1580.2,0.56480,0.075120,liquid
7,277.52,0.00083511,55.504,0.018017,0.33112,0.33114,1.2026,75.790,75.790,1423.2,-0.23733,1548.8,0.56627,0.075031,liquid
8,278.15,0.00087232,55.504,0.018017,0.37835,0.37836,1.3726,75.760,75.763,1426.0,-0.23677,1518.5,0.56771,0.074942,liquid
9,278.77,0.00091098,55.503,0.018017,0.42556,0.42557,1.5421,75.730,75.737,1428.8,-0.23622,1489.1,0.56914,0.074853,liquid
10,279.39,0.00095115,55.502,0.018017,0.47275,0.47277,1.7112,75.699,75.712,1431.5,-0.23567,1460.6,0.57055,0.074764,liquid
11,280.02,0.00099288,55.501,0.018018,0.51993,0.51995,1.8799,75.668,75.688,1434.2,-0.23513,1433.0,0.57195,0.074675,liquid
12,280.64,0.0010362,55.499,0.018018,0.56709,0.56711,2.0482,75.636,75.665,1436.8,-0.23460,1406.2,0.57332,0.074585,liquid
13,281.26,0.0010812,55.497,0.018019,0.61424,0.61426,2.2160,75.604,75.643,1439.4,-0.23407,1380.2,0.57468,0.074495,liquid
14,281.89,0.0011279,55.495,0.018020,0.66138,0.66140,2.3834,75.570,75.623,1442.0,-0.23355,1355.0,0.57603,0.074405,liquid
15,282.51,0.0011764,55.492,0.018021,0.70850,0.70852,2.5504,75.537,75.603,1444.5,-0.23304,1330.5,0.57736,0.074314,liquid
16,283.13,0.0012267,55.489,0.018021,0.75561,0.75564,2.7169,75.503,75.584,1447.0,-0.23253,1306.7,0.57867,0.074224,liquid
17,283.75,0.0012789,55.486,0.018022,0.80271,0.80274,2.8831,75.468,75.566,1449.5,-0.23202,1283.6,0.57997,0.074133,liquid
18,284.38,0.0013330,55.483,0.018024,0.84980,0.84983,3.0489,75.433,75.549,1451.9,-0.23152,1261.1,0.58126,0.074042,liquid
19,285.00,0.0013892,55.479,0.018025,0.89688,0.89691,3.2143,75.397,75.533,1454.3,-0.23102,1239.2,0.58253,0.073951,liquid
20,285.62,0.0014474,55.475,0.018026,0.94395,0.94398,3.3792,75.361,75.518,1456.6,-0.23053,1218.0,0.58378,0.073859,liquid
21,286.25,0.0015077,55.471,0.018028,0.99101,0.99104,3.5438,75.325,75.503,1458.9,-0.23004,1197.3,0.58503,0.073767,liquid
22,286.87,0.0015703,55.466,0.018029,1.0381,1.0381,3.7080,75.288,75.489,1461.2,-0.22956,1177.2,0.58626,0.073675,liquid
23,287.49,0.0016351,55.461,0.018031,1.0851,1.0851,3.8718,75.250,75.476,1463.5,-0.22908,1157.7,0.58747,0.073583,liquid
24,288.12,0.0017022,55.456,0.018032,1.1321,1.1322,4.0352,75.212,75.463,1465.7,-0.22861,1138.6,0.58868,0.073491,liquid
25,288.74,0.0017718,55.451,0.018034,1.1792,1.1792,4.1983,75.174,75.451,1467.8,-0.22814,1120.1,0.58987,0.073398,liquid
26,289.36,0.0018438,55.445,0.018036,1.2262,1.2262,4.3610,75.135,75.440,1470.0,-0.22767,1102.0,0.59105,0.073305,liquid
27,289.99,0.0019184,55.440,0.018038,1.2732,1.2732,4.5232,75.096,75.429,1472.0,-0.22721,1084.4,0.59221,0.073212,liquid
28,290.61,0.0019957,55.434,0.018040,1.3202,1.3202,4.6852,75.056,75.419,1474.1,-0.22675,1067.2,0.59337,0.073119,liquid
29,291.23,0.0020756,55.427,0.018042,1.3672,1.3672,4.8467,75.016,75.409,1476.1,-0.22630,1050.5,0.59451,0.073025,liquid
30,291.86,0.0021584,55.421,0.018044,1.4142,1.4142,5.0079,74.975,75.400,1478.1,-0.22585,1034.2,0.59564,0.072931,liquid
31,292.48,0.0022440,55.414,0.018046,1.4612,1.4612,5.1687,74.934,75.391,1480.1,-0.22540,1018.3,0.59676,0.072837,liquid
32,293.10,0.0023326,55.407,0.018048,1.5082,1.5082,5.3292,74.893,75.383,1482.0,-0.22495,1002.8,0.59787,0.072743,liquid
33,293.73,0.0024242,55.400,0.018051,1.5551,1.5552,5.4893,74.852,75.375,1483.9,-0.22451,987.64,0.59897,0.072649,liquid
34,294.35,0.0025189,55.392,0.018053,1.6021,1.6022,5.6491,74.810,75.368,1485.8,-0.22407,972.87,0.60006,0.072554,liquid
35,294.97,0.0026169,55.385,0.018056,1.6491,1.6491,5.8085,74.767,75.361,1487.6,-0.22364,958.45,0.60113,0.072459,liquid
36,295.60,0.0027182,55.377,0.018058,1.6961,1.6961,5.9675,74.724,75.355,1489.5,-0.22321,944.38,0.60220,0.072364,liquid
37,296.22,0.0028229,55.369,0.018061,1.7430,1.7431,6.1262,74.681,75.349,1491.2,-0.22278,930.63,0.60325,0.072269,liquid
38,296.84,0.0029311,55.360,0.018063,1.7900,1.7900,6.2846,74.638,75.343,1493.0,-0.22235,917.21,0.60430,0.072173,liquid
39,297.47,0.0030429,55.352,0.018066,1.8369,1.8370,6.4426,74.594,75.338,1494.7,-0.22193,904.09,0.60534,0.072078,liquid
40,298.09,0.0031584,55.343,0.018069,1.8839,1.8839,6.6003,74.550,75.333,1496.4,-0.22151,891.27,0.60636,0.071982,liquid
41,298.71,0.0032778,55.334,0.018072,1.9308,1.9309,6.7576,74.505,75.329,1498.0,-0.22109,878.75,0.60738,0.071885,liquid
42,299.34,0.0034010,55.325,0.018075,1.9778,1.9778,6.9146,74.460,75.324,1499.7,-0.22068,866.50,0.60838,0.071789,liquid
43,299.96,0.0035282,55.316,0.018078,2.0247,2.0248,7.0712,74.415,75.321,1501.3,-0.22027,854.53,0.60938,0.071692,liquid
44,300.58,0.0036596,55.306,0.018081,2.0717,2.0717,7.2276,74.369,75.317,1502.8,-0.21986,842.83,0.61037,0.071596,liquid
45,301.21,0.0037952,55.296,0.018084,2.1186,2.1187,7.3836,74.324,75.314,1504.4,-0.21945,831.38,0.61134,0.071498,liquid
46,301.83,0.0039352,55.286,0.018088,2.1655,2.1656,7.5392,74.277,75.311,1505.9,-0.21904,820.18,0.61231,0.071401,liquid
47,302.45,0.0040797,55.276,0.018091,2.2125,2.2125,7.6946,74.231,75.308,1507.4,-0.21864,809.22,0.61327,0.071304,liquid
48,303.07,0.0042287,55.266,0.018094,2.2594,2.2595,7.8496,74.184,75.306,1508.8,-0.21824,798.50,0.61422,0.071206,liquid
49,303.70,0.0043824,55.255,0.018098,2.3063,2.3064,8.0043,74.137,75.303,1510.2,-0.21784,788.01,0.61517,0.071108,liquid
50,304.32,0.0045410,55.245,0.018101,2.3533,2.3533,8.1587,74.090,75.302,1511.6,-0.21745,777.73,0.61610,0.071010,liquid
51,304.94,0.0047046,55.234,0.018105,2.4002,2.4003,8.3127,74.042,75.300,1513.0,-0.21705,767.67,0.61703,0.070911,liquid
52,305.57,0.0048732,55.223,0.018109,2.4471,2.4472,8.4664,73.994,75.298,1514.4,-0.21666,757.83,0.61794,0.070813,liquid
53,306.19,0.0050470,55.211,0.018112,2.4940,2.4941,8.6199,73.946,75.297,1515.7,-0.21627,748.18,0.61885,0.070714,liquid
54,306.81,0.0052262,55.200,0.018116,2.5410,2.5411,8.7730,73.897,75.296,1517.0,-0.21588,738.73,0.61975,0.070615,liquid
55,307.44,0.0054109,55.188,0.018120,2.5879,2.5880,8.9258,73.848,75.296,1518.3,-0.21550,729.47,0.62064,0.070516,liquid
56,308.06,0.0056013,55.177,0.018124,2.6348,2.6349,9.0782,73.799,75.295,1519.5,-0.21511,720.40,0.62152,0.070416,liquid
57,308.68,0.0057974,55.165,0.018128,2.6817,2.6819,9.2304,73.750,75.295,1520.7,-0.21473,711.52,0.62240,0.070317,liquid
58,309.31,0.0059994,55.153,0.018132,2.7287,2.7288,9.3823,73.700,75.294,1521.9,-0.21435,702.80,0.62326,0.070217,liquid
59,309.93,0.0062075,55.140,0.018136,2.7756,2.7757,9.5338,73.650,75.294,1523.1,-0.21397,694.26,0.62412,0.070117,liquid
60,310.55,0.0064218,55.128,0.018140,2.8225,2.8226,9.6851,73.600,75.295,1524.2,-0.21359,685.89,0.62497,0.070016,liquid
61,311.18,0.0066425,55.115,0.018144,2.8694,2.8696,9.8360,73.550,75.295,1525.4,-0.21322,677.68,0.62582,0.069916,liquid
62,311.80,0.0068697,55.102,0.018148,2.9164,2.9165,9.9867,73.499,75.296,1526.4,-0.21284,669.63,0.62665,0.069815,liquid
63,312.42,0.0071036,55.089,0.018152,2.9633,2.9634,10.137,73.448,75.296,1527.5,-0.21247,661.73,0.62748,0.069714,liquid
64,313.05,0.0073443,55.076,0.018157,3.0102,3.0104,10.287,73.397,75.297,1528.6,-0.21210,653.99,0.62830,0.069613,liquid
65,313.67,0.0075920,55.063,0.018161,3.0572,3.0573,10.437,73.345,75.298,1529.6,-0.21173,646.39,0.62911,0.069512,liquid
66,314.29,0.0078470,55.050,0.018165,3.1041,3.1042,10.586,73.294,75.300,1530.6,-0.21136,638.93,0.62992,0.069410,liquid
67,314.92,0.0081092,55.036,0.018170,3.1510,3.1512,10.735,73.242,75.301,1531.6,-0.21099,631.62,0.63072,0.069308,liquid
68,315.54,0.0083790,55.022,0.018174,3.1979,3.1981,10.884,73.190,75.302,1532.5,-0.21062,624.43,0.63151,0.069206,liquid
69,316.16,0.0086565,55.008,0.018179,3.2449,3.2450,11.033,73.137,75.304,1533.5,-0.21026,617.39,0.63229,0.069104,liquid
70,316.79,0.0089419,54.994,0.018184,3.2918,3.2920,11.181,73.085,75.306,1534.4,-0.20990,610.47,0.63306,0.069002,liquid
71,317.41,0.0092354,54.980,0.018188,3.3387,3.3389,11.329,73.032,75.308,1535.3,-0.20953,603.67,0.63383,0.068899,liquid
72,318.03,0.0095371,54.966,0.018193,3.3857,3.3858,11.477,72.979,75.310,1536.1,-0.20917,597.00,0.63459,0.068796,liquid
73,318.66,0.0098472,54.951,0.018198,3.4326,3.4328,11.624,72.926,75.312,1537.0,-0.20881,590.45,0.63535,0.068693,liquid
74,319.28,0.010166,54.937,0.018203,3.4795,3.4797,11.772,72.873,75.314,1537.8,-0.20845,584.01,0.63609,0.068590,liquid
75,319.90,0.010494,54.922,0.018208,3.5265,3.5267,11.918,72.819,75.317,1538.6,-0.20809,577.69,0.63683,0.068487,liquid
76,320.53,0.010830,54.907,0.018213,3.5734,3.5736,12.065,72.765,75.319,1539.4,-0.20774,571.48,0.63757,0.068383,liquid
77,321.15,0.011176,54.892,0.018218,3.6204,3.6206,12.211,72.711,75.322,1540.1,-0.20738,565.38,0.63829,0.068279,liquid
78,321.77,0.011532,54.876,0.018223,3.6673,3.6675,12.357,72.657,75.325,1540.9,-0.20703,559.39,0.63901,0.068175,liquid
79,322.39,0.011896,54.861,0.018228,3.7142,3.7145,12.503,72.603,75.328,1541.6,-0.20667,553.50,0.63972,0.068071,liquid
80,323.02,0.012271,54.845,0.018233,3.7612,3.7614,12.649,72.548,75.331,1542.3,-0.20632,547.71,0.64043,0.067966,liquid
81,323.64,0.012656,54.830,0.018238,3.8081,3.8084,12.794,72.494,75.334,1542.9,-0.20597,542.02,0.64112,0.067861,liquid
82,324.26,0.013052,54.814,0.018244,3.8551,3.8553,12.939,72.439,75.338,1543.6,-0.20561,536.43,0.64182,0.067756,liquid
83,324.89,0.013457,54.798,0.018249,3.9020,3.9023,13.083,72.384,75.341,1544.2,-0.20526,530.93,0.64250,0.067651,liquid
84,325.51,0.013874,54.782,0.018254,3.9490,3.9492,13.228,72.329,75.344,1544.9,-0.20491,525.52,0.64318,0.067546,liquid
85,326.13,0.014301,54.766,0.018260,3.9960,3.9962,13.372,72.273,75.348,1545.4,-0.20456,520.21,0.64385,0.067440,liquid
86,326.76,0.014740,54.749,0.018265,4.0429,4.0432,13.516,72.218,75.352,1546.0,-0.20421,514.98,0.64451,0.067335,liquid
87,327.38,0.015190,54.733,0.018271,4.0899,4.0901,13.659,72.162,75.356,1546.6,-0.20387,509.84,0.64517,0.067229,liquid
88,328.00,0.015652,54.716,0.018276,4.1368,4.1371,13.803,72.106,75.360,1547.1,-0.20352,504.78,0.64582,0.067123,liquid
89,328.63,0.016126,54.699,0.018282,4.1838,4.1841,13.946,72.050,75.364,1547.6,-0.20317,499.80,0.64647,0.067016,liquid
90,329.25,0.016612,54.682,0.018287,4.2308,4.2311,14.088,71.994,75.368,1548.1,-0.20282,494.91,0.64711,0.066910,liquid
91,329.87,0.017111,54.665,0.018293,4.2777,4.2781,14.231,71.938,75.372,1548.6,-0.20248,490.09,0.64774,0.066803,liquid
92,330.50,0.017622,54.648,0.018299,4.3247,4.3250,14.373,71.882,75.377,1549.1,-0.20213,485.36,0.64837,0.066696,liquid
93,331.12,0.018146,54.631,0.018305,4.3717,4.3720,14.515,71.825,75.381,1549.5,-0.20179,480.70,0.64898,0.066589,liquid
94,331.74,0.018683,54.614,0.018310,4.4187,4.4190,14.657,71.769,75.386,1549.9,-0.20144,476.11,0.64960,0.066481,liquid
95,332.37,0.019234,54.596,0.018316,4.4657,4.4660,14.798,71.712,75.390,1550.3,-0.20110,471.59,0.65020,0.066374,liquid
96,332.99,0.019799,54.578,0.018322,4.5126,4.5130,14.940,71.655,75.395,1550.7,-0.20075,467.15,0.65080,0.066266,liquid
97,333.61,0.020378,54.560,0.018328,4.5596,4.5600,15.081,71.598,75.400,1551.1,-0.20041,462.77,0.65140,0.066158,liquid
98,334.24,0.020971,54.543,0.018334,4.6066,4.6070,15.221,71.541,75.405,1551.4,-0.20007,458.46,0.65199,0.066050,liquid
99,334.86,0.021579,54.524,0.018340,4.6536,4.6540,15.362,71.484,75.410,1551.8,-0.19972,454.22,0.65257,0.065941,liquid
100,335.48,0.022201,54.506,0.018347,4.7006,4.7010,15.502,71.427,75.415,1552.1,-0.19938,450.05,0.65314,0.065833,liquid
101,336.11,0.022839,54.488,0.018353,4.7476,4.7480,15.642,71.369,75.421,1552.4,-0.19904,445.94,0.65371,0.065724,liquid
102,336.73,0.023492,54.470,0.018359,4.7946,4.7950,15.782,71.312,75.426,1552.7,-0.19869,441.89,0.65427,0.065615,liquid
103,337.35,0.024162,54.451,0.018365,4.8416,4.8421,15.921,71.254,75.432,1552.9,-0.19835,437.90,0.65483,0.065506,liquid
104,337.98,0.024847,54.432,0.018371,4.8886,4.8891,16.060,71.196,75.437,1553.2,-0.19801,433.97,0.65538,0.065397,liquid
105,338.60,0.025549,54.413,0.018378,4.9356,4.9361,16.199,71.139,75.443,1553.4,-0.19767,430.10,0.65593,0.065287,liquid
106,339.22,0.026267,54.395,0.018384,4.9827,4.9831,16.338,71.081,75.449,1553.6,-0.19733,426.29,0.65647,0.065177,liquid
107,339.85,0.027003,54.375,0.018391,5.0297,5.0302,16.477,71.023,75.455,1553.8,-0.19698,422.54,0.65700,0.065067,liquid
108,340.47,0.027755,54.356,0.018397,5.0767,5.0772,16.615,70.965,75.461,1554.0,-0.19664,418.84,0.65752,0.064957,liquid
109,341.09,0.028526,54.337,0.018404,5.1237,5.1243,16.753,70.907,75.467,1554.2,-0.19630,415.19,0.65804,0.064847,liquid
110,341.71,0.029315,54.318,0.018410,5.1708,5.1713,16.891,70.849,75.473,1554.3,-0.19596,411.60,0.65856,0.064736,liquid
111,342.34,0.030122,54.298,0.018417,5.2178,5.2184,17.028,70.790,75.479,1554.5,-0.19562,408.06,0.65907,0.064625,liquid
112,342.96,0.030947,54.278,0.018424,5.2648,5.2654,17.165,70.732,75.486,1554.6,-0.19527,404.58,0.65957,0.064514,liquid
113,343.58,0.031792,54.259,0.018430,5.3119,5.3125,17.303,70.674,75.493,1554.7,-0.19493,401.14,0.66007,0.064403,liquid
114,344.21,0.032656,54.239,0.018437,5.3589,5.3595,17.439,70.615,75.499,1554.8,-0.19459,397.75,0.66056,0.064292,liquid
115,344.83,0.033540,54.219,0.018444,5.4060,5.4066,17.576,70.557,75.506,1554.8,-0.19425,394.41,0.66104,0.064180,liquid
116,345.45,0.034444,54.199,0.018451,5.4530,5.4537,17.712,70.498,75.513,1554.9,-0.19390,391.12,0.66152,0.064069,liquid
117,346.08,0.035369,54.179,0.018457,5.5001,5.5007,17.848,70.440,75.520,1554.9,-0.19356,387.87,0.66200,0.063957,liquid
118,346.70,0.036314,54.158,0.018464,5.5472,5.5478,17.984,70.381,75.527,1555.0,-0.19322,384.67,0.66246,0.063845,liquid
119,347.32,0.037281,54.138,0.018471,5.5942,5.5949,18.120,70.322,75.534,1555.0,-0.19288,381.51,0.66292,0.063732,liquid
120,347.95,0.038269,54.117,0.018478,5.6413,5.6420,18.255,70.264,75.542,1555.0,-0.19253,378.40,0.66338,0.063620,liquid
121,348.57,0.039279,54.097,0.018485,5.6884,5.6891,18.390,70.205,75.549,1554.9,-0.19219,375.33,0.66383,0.063507,liquid
122,349.19,0.040312,54.076,0.018493,5.7355,5.7362,18.525,70.146,75.557,1554.9,-0.19185,372.31,0.66428,0.063394,liquid
123,349.82,0.041367,54.055,0.018500,5.7825,5.7833,18.660,70.087,75.565,1554.8,-0.19150,369.32,0.66471,0.063281,liquid
124,350.44,0.042446,54.034,0.018507,5.8296,5.8304,18.795,70.028,75.572,1554.8,-0.19116,366.38,0.66515,0.063168,liquid
125,351.06,0.043548,54.013,0.018514,5.8767,5.8775,18.929,69.969,75.580,1554.7,-0.19081,363.48,0.66557,0.063054,liquid
126,351.69,0.044674,53.992,0.018521,5.9238,5.9247,19.063,69.911,75.588,1554.6,-0.19047,360.61,0.66600,0.062941,liquid
127,352.31,0.045824,53.970,0.018529,5.9709,5.9718,19.197,69.852,75.597,1554.5,-0.19012,357.79,0.66641,0.062827,liquid
128,352.93,0.046999,53.949,0.018536,6.0181,6.0189,19.330,69.793,75.605,1554.4,-0.18977,355.00,0.66682,0.062713,liquid
129,353.56,0.048200,53.927,0.018544,6.0652,6.0661,19.464,69.734,75.613,1554.2,-0.18943,352.25,0.66723,0.062598,liquid
130,354.18,0.049426,53.906,0.018551,6.1123,6.1132,19.597,69.675,75.622,1554.1,-0.18908,349.53,0.66763,0.062484,liquid
131,354.80,0.050678,53.884,0.018558,6.1594,6.1604,19.730,69.616,75.630,1553.9,-0.18873,346.86,0.66802,0.062369,liquid
132,355.43,0.051956,53.862,0.018566,6.2066,6.2075,19.863,69.557,75.639,1553.7,-0.18839,344.21,0.66841,0.062255,liquid
133,356.05,0.053262,53.840,0.018574,6.2537,6.2547,19.995,69.498,75.648,1553.5,-0.18804,341.61,0.66879,0.062140,liquid
134,356.67,0.054595,53.818,0.018581,6.3008,6.3018,20.127,69.439,75.657,1553.3,-0.18769,339.03,0.66917,0.062024,liquid
135,357.30,0.055956,53.796,0.018589,6.3480,6.3490,20.259,69.380,75.666,1553.1,-0.18734,336.49,0.66954,0.061909,liquid
136,357.92,0.057344,53.773,0.018597,6.3951,6.3962,20.391,69.321,75.676,1552.9,-0.18699,333.99,0.66991,0.061793,liquid
137,358.54,0.058762,53.751,0.018604,6.4423,6.4434,20.523,69.262,75.685,1552.6,-0.18664,331.51,0.67027,0.061678,liquid
138,359.17,0.060209,53.728,0.018612,6.4895,6.4906,20.654,69.203,75.695,1552.4,-0.18629,329.07,0.67063,0.061562,liquid
139,359.79,0.061686,53.706,0.018620,6.5366,6.5378,20.786,69.144,75.704,1552.1,-0.18593,326.66,0.67098,0.061446,liquid
140,360.41,0.063192,53.683,0.018628,6.5838,6.5850,20.917,69.085,75.714,1551.8,-0.18558,324.28,0.67132,0.061329,liquid
141,361.03,0.064730,53.660,0.018636,6.6310,6.6322,21.047,69.026,75.724,1551.5,-0.18523,321.93,0.67166,0.061213,liquid
142,361.66,0.066298,53.637,0.018644,6.6782,6.6794,21.178,68.967,75.734,1551.2,-0.18487,319.60,0.67199,0.061096,liquid
143,362.28,0.067898,53.614,0.018652,6.7254,6.7266,21.308,68.908,75.745,1550.9,-0.18452,317.31,0.67232,0.060979,liquid
144,362.90,0.069530,53.591,0.018660,6.7726,6.7739,21.439,68.849,75.755,1550.5,-0.18416,315.05,0.67265,0.060862,liquid
145,363.53,0.071195,53.568,0.018668,6.8198,6.8211,21.569,68.790,75.766,1550.2,-0.18381,312.82,0.67296,0.060745,liquid
146,364.15,0.072893,53.545,0.018676,6.8670,6.8684,21.698,68.731,75.776,1549.8,-0.18345,310.61,0.67328,0.060628,liquid
147,364.77,0.074624,53.521,0.018684,6.9142,6.9156,21.828,68.672,75.787,1549.4,-0.18309,308.43,0.67358,0.060510,liquid
148,365.40,0.076390,53.498,0.018692,6.9614,6.9629,21.957,68.613,75.798,1549.0,-0.18273,306.28,0.67389,0.060392,liquid
149,366.02,0.078190,53.474,0.018701,7.0087,7.0101,22.086,68.554,75.809,1548.6,-0.18237,304.15,0.67418,0.060274,liquid
150,366.64,0.080025,53.450,0.018709,7.0559,7.0574,22.215,68.496,75.820,1548.2,-0.18201,302.05,0.67447,0.060156,liquid
151,367.27,0.081896,53.426,0.018717,7.1032,7.1047,22.344,68.437,75.832,1547.8,-0.18165,299.98,0.67476,0.060038,liquid
152,367.89,0.083803,53.402,0.018726,7.1504,7.1520,22.473,68.378,75.843,1547.4,-0.18129,297.93,0.67504,0.059919,liquid
153,368.51,0.085747,53.378,0.018734,7.1977,7.1993,22.601,68.320,75.855,1546.9,-0.18092,295.90,0.67532,0.059800,liquid
154,369.14,0.087729,53.354,0.018743,7.2449,7.2466,22.729,68.261,75.867,1546.4,-0.18056,293.90,0.67559,0.059682,liquid
155,369.76,0.089748,53.330,0.018751,7.2922,7.2939,22.857,68.202,75.879,1546.0,-0.18020,291.93,0.67585,0.059563,liquid
156,370.38,0.091805,53.306,0.018760,7.3395,7.3412,22.985,68.144,75.891,1545.5,-0.17983,289.97,0.67612,0.059443,liquid
157,371.01,0.093902,53.281,0.018768,7.3868,7.3886,23.112,68.085,75.903,1545.0,-0.17946,288.04,0.67637,0.059324,liquid
158,371.63,0.096038,53.257,0.018777,7.4341,7.4359,23.240,68.027,75.916,1544.5,-0.17909,286.14,0.67662,0.059204,liquid
159,372.25,0.098214,53.232,0.018786,7.4814,7.4832,23.367,67.968,75.928,1543.9,-0.17872,284.25,0.67687,0.059085,liquid
160,372.88,0.10043,53.207,0.018794,7.5287,7.5306,23.494,67.910,75.941,1543.4,-0.17835,282.39,0.67711,0.058965,liquid
161,373.50,0.10269,53.183,0.018803,7.5760,7.5780,23.621,67.852,75.954,1542.8,-0.17798,280.55,0.67734,0.058844,liquid
162,374.12,0.10499,53.158,0.018812,7.6233,7.6253,23.747,67.793,75.967,1542.3,-0.17761,278.73,0.67757,0.058724,liquid
163,374.75,0.10733,53.133,0.018821,7.6707,7.6727,23.874,67.735,75.980,1541.7,-0.17724,276.94,0.67780,0.058604,liquid
164,375.37,0.10972,53.107,0.018830,7.7180,7.7201,24.000,67.677,75.993,1541.1,-0.17686,275.16,0.67802,0.058483,liquid
165,375.99,0.11215,53.082,0.018839,7.7654,7.7675,24.126,67.619,76.007,1540.5,-0.17649,273.40,0.67823,0.058362,liquid
166,376.62,0.11462,53.057,0.018848,7.8127,7.8149,24.252,67.561,76.021,1539.9,-0.17611,271.67,0.67844,0.058241,liquid
167,377.24,0.11714,53.032,0.018857,7.8601,7.8623,24.378,67.503,76.035,1539.3,-0.17573,269.95,0.67865,0.058120,liquid
168,377.86,0.11970,53.006,0.018866,7.9075,7.9097,24.503,67.445,76.049,1538.7,-0.17535,268.26,0.67885,0.057999,liquid
169,378.49,0.12231,52.980,0.018875,7.9549,7.9572,24.628,67.387,76.063,1538.1,-0.17497,266.58,0.67904,0.057877,liquid
170,379.11,0.12497,52.955,0.018884,8.0023,8.0046,24.754,67.329,76.077,1537.4,-0.17459,264.92,0.67923,0.057755,liquid
171,379.73,0.12767,52.929,0.018893,8.0497,8.0521,24.879,67.272,76.092,1536.7,-0.17420,263.28,0.67942,0.057634,liquid
172,380.35,0.13043,52.903,0.018903,8.0971,8.0995,25.003,67.214,76.106,1536.1,-0.17382,261.66,0.67960,0.057511,liquid
173,380.98,0.13323,52.877,0.018912,8.1445,8.1470,25.128,67.157,76.121,1535.4,-0.17343,260.06,0.67977,0.057389,liquid
174,381.60,0.13608,52.851,0.018921,8.1919,8.1945,25.252,67.099,76.136,1534.7,-0.17305,258.47,0.67994,0.057267,liquid
175,382.22,0.13898,52.825,0.018931,8.2394,8.2420,25.376,67.042,76.152,1534.0,-0.17266,256.91,0.68011,0.057144,liquid
176,382.85,0.14193,52.798,0.018940,8.2868,8.2895,25.500,66.984,76.167,1533.3,-0.17227,255.36,0.68027,0.057022,liquid
177,383.47,0.14493,52.772,0.018949,8.3343,8.3370,25.624,66.927,76.183,1532.5,-0.17188,253.82,0.68043,0.056899,liquid
178,384.09,0.14799,52.746,0.018959,8.3817,8.3845,25.748,66.870,76.198,1531.8,-0.17148,252.31,0.68058,0.056776,liquid
179,384.72,0.15109,52.719,0.018968,8.4292,8.4321,25.872,66.813,76.214,1531.1,-0.17109,250.81,0.68072,0.056652,liquid
180,385.34,0.15425,52.692,0.018978,8.4767,8.4796,25.995,66.756,76.230,1530.3,-0.17069,249.32,0.68087,0.056529,liquid
181,385.96,0.15747,52.666,0.018988,8.5242,8.5272,26.118,66.699,76.247,1529.5,-0.17030,247.86,0.68100,0.056405,liquid
182,386.59,0.16074,52.639,0.018997,8.5717,8.5747,26.241,66.642,76.263,1528.7,-0.16990,246.41,0.68114,0.056282,liquid
183,387.21,0.16406,52.612,0.019007,8.6192,8.6223,26.364,66.585,76.280,1528.0,-0.16950,244.97,0.68126,0.056158,liquid
184,387.83,0.16744,52.585,0.019017,8.6667,8.6699,26.486,66.528,76.297,1527.2,-0.16910,243.55,0.68139,0.056034,liquid
185,388.46,0.17088,52.558,0.019027,8.7142,8.7175,26.609,66.471,76.314,1526.3,-0.16869,242.15,0.68150,0.055909,liquid
186,389.08,0.17438,52.530,0.019037,8.7618,8.7651,26.731,66.415,76.331,1525.5,-0.16829,240.76,0.68162,0.055785,liquid
187,389.70,0.17793,52.503,0.019046,8.8093,8.8127,26.853,66.358,76.348,1524.7,-0.16788,239.38,0.68173,0.055660,liquid
188,390.33,0.18155,52.476,0.019056,8.8569,8.8604,26.975,66.302,76.366,1523.8,-0.16747,238.02,0.68183,0.055535,liquid
189,390.95,0.18522,52.448,0.019066,8.9045,8.9080,27.097,66.246,76.384,1523.0,-0.16707,236.67,0.68193,0.055411,liquid
190,391.57,0.18895,52.421,0.019076,8.9521,8.9557,27.219,66.189,76.402,1522.1,-0.16665,235.34,0.68202,0.055285,liquid
191,392.20,0.19275,52.393,0.019087,8.9997,9.0033,27.340,66.133,76.420,1521.3,-0.16624,234.02,0.68211,0.055160,liquid
192,392.82,0.19660,52.365,0.019097,9.0473,9.0510,27.461,66.077,76.438,1520.4,-0.16583,232.72,0.68220,0.055035,liquid
193,393.44,0.20052,52.337,0.019107,9.0949,9.0987,27.583,66.021,76.457,1519.5,-0.16541,231.43,0.68228,0.054909,liquid
194,394.07,0.20451,52.309,0.019117,9.1425,9.1464,27.704,65.965,76.475,1518.6,-0.16499,230.15,0.68236,0.054783,liquid
195,394.69,0.20855,52.281,0.019127,9.1901,9.1941,27.824,65.910,76.494,1517.7,-0.16457,228.89,0.68243,0.054657,liquid
196,395.31,0.21267,52.253,0.019138,9.2378,9.2419,27.945,65.854,76.514,1516.7,-0.16415,227.64,0.68249,0.054531,liquid
197,395.94,0.21685,52.225,0.019148,9.2855,9.2896,28.065,65.798,76.533,1515.8,-0.16373,226.40,0.68256,0.054405,liquid
198,396.56,0.22109,52.197,0.019158,9.3331,9.3374,28.186,65.743,76.553,1514.9,-0.16330,225.17,0.68261,0.054279,liquid
199,397.18,0.22540,52.168,0.019169,9.3808,9.3851,28.306,65.687,76.572,1513.9,-0.16288,223.96,0.68267,0.054152,liquid
200,397.81,0.22979,52.140,0.019179,9.4285,9.4329,28.426,65.632,76.592,1512.9,-0.16245,222.76,0.68272,0.054025,liquid
201,398.43,0.23424,52.111,0.019190,9.4762,9.4807,28.546,65.577,76.612,1512.0,-0.16202,221.57,0.68276,0.053899,liquid
202,399.05,0.23876,52.082,0.019200,9.5239,9.5285,28.665,65.522,76.633,1511.0,-0.16159,220.39,0.68280,0.053772,liquid
203,399.68,0.24335,52.053,0.019211,9.5717,9.5763,28.785,65.467,76.653,1510.0,-0.16115,219.23,0.68284,0.053644,liquid
204,400.30,0.24801,52.025,0.019222,9.6194,9.6242,28.904,65.412,76.674,1509.0,-0.16071,218.07,0.68287,0.053517,liquid
205,400.92,0.25274,51.996,0.019232,9.6672,9.6720,29.024,65.357,76.695,1508.0,-0.16028,216.93,0.68289,0.053389,liquid
206,401.54,0.25755,51.967,0.019243,9.7149,9.7199,29.143,65.302,76.716,1507.0,-0.15984,215.80,0.68291,0.053262,liquid
207,402.17,0.26243,51.937,0.019254,9.7627,9.7678,29.262,65.248,76.738,1505.9,-0.15939,214.68,0.68293,0.053134,liquid
208,402.79,0.26739,51.908,0.019265,9.8105,9.8157,29.380,65.193,76.759,1504.9,-0.15895,213.57,0.68295,0.053006,liquid
209,403.41,0.27242,51.879,0.019276,9.8583,9.8636,29.499,65.139,76.781,1503.8,-0.15850,212.48,0.68295,0.052878,liquid
210,404.04,0.27753,51.849,0.019287,9.9061,9.9115,29.617,65.085,76.803,1502.8,-0.15806,211.39,0.68296,0.052749,liquid
211,404.66,0.28272,51.820,0.019298,9.9540,9.9594,29.736,65.030,76.826,1501.7,-0.15761,210.31,0.68296,0.052621,liquid
212,405.28,0.28799,51.790,0.019309,10.002,10.007,29.854,64.976,76.848,1500.6,-0.15715,209.25,0.68295,0.052492,liquid
213,405.91,0.29333,51.760,0.019320,10.050,10.055,29.972,64.922,76.871,1499.5,-0.15670,208.19,0.68294,0.052364,liquid
214,406.53,0.29875,51.731,0.019331,10.098,10.103,30.090,64.868,76.894,1498.4,-0.15624,207.15,0.68293,0.052235,liquid
215,407.15,0.30426,51.701,0.019342,10.145,10.151,30.207,64.815,76.917,1497.3,-0.15578,206.11,0.68291,0.052106,liquid
216,407.78,0.30985,51.671,0.019353,10.193,10.199,30.325,64.761,76.940,1496.2,-0.15532,205.09,0.68289,0.051976,liquid
217,408.40,0.31552,51.641,0.019365,10.241,10.247,30.442,64.707,76.964,1495.1,-0.15486,204.07,0.68287,0.051847,liquid
218,409.02,0.32127,51.610,0.019376,10.289,10.295,30.560,64.654,76.988,1494.0,-0.15440,203.07,0.68284,0.051717,liquid
219,409.65,0.32711,51.580,0.019387,10.337,10.343,30.677,64.601,77.012,1492.8,-0.15393,202.07,0.68280,0.051588,liquid
220,410.27,0.33303,51.550,0.019399,10.385,10.392,30.794,64.547,77.036,1491.7,-0.15346,201.08,0.68276,0.051458,liquid
221,410.89,0.33904,51.519,0.019410,10.433,10.440,30.911,64.494,77.061,1490.5,-0.15299,200.11,0.68272,0.051328,liquid
222,411.52,0.34514,51.489,0.019422,10.481,10.488,31.027,64.441,77.086,1489.3,-0.15251,199.14,0.68267,0.051198,liquid
223,412.14,0.35132,51.458,0.019433,10.529,10.536,31.144,64.388,77.111,1488.2,-0.15203,198.18,0.68262,0.051067,liquid
224,412.76,0.35760,51.427,0.019445,10.577,10.584,31.260,64.336,77.136,1487.0,-0.15156,197.23,0.68256,0.050937,liquid
225,413.39,0.36396,51.397,0.019457,10.625,10.632,31.377,64.283,77.162,1485.8,-0.15107,196.29,0.68250,0.050806,liquid
226,414.01,0.37041,51.366,0.019468,10.673,10.680,31.493,64.230,77.187,1484.6,-0.15059,195.36,0.68244,0.050676,liquid
227,414.63,0.37696,51.335,0.019480,10.721,10.729,31.609,64.178,77.213,1483.3,-0.15010,194.43,0.68237,0.050545,liquid
228,415.26,0.38360,51.304,0.019492,10.769,10.777,31.725,64.125,77.239,1482.1,-0.14962,193.52,0.68230,0.050414,liquid
229,415.88,0.39034,51.272,0.019504,10.817,10.825,31.840,64.073,77.266,1480.9,-0.14912,192.61,0.68222,0.050283,liquid
230,416.50,0.39716,51.241,0.019516,10.865,10.873,31.956,64.021,77.293,1479.6,-0.14863,191.71,0.68214,0.050151,liquid
231,417.13,0.40409,51.210,0.019528,10.914,10.921,32.071,63.969,77.320,1478.4,-0.14813,190.82,0.68205,0.050020,liquid
232,417.75,0.41111,51.178,0.019540,10.962,10.970,32.187,63.917,77.347,1477.1,-0.14764,189.94,0.68196,0.049888,liquid
233,418.37,0.41823,51.147,0.019552,11.010,11.018,32.302,63.865,77.374,1475.9,-0.14713,189.06,0.68187,0.049756,liquid
234,419.00,0.42545,51.115,0.019564,11.058,11.066,32.417,63.814,77.402,1474.6,-0.14663,188.20,0.68177,0.049624,liquid
235,419.62,0.43276,51.083,0.019576,11.106,11.115,32.532,63.762,77.430,1473.3,-0.14612,187.34,0.68167,0.049492,liquid
236,420.24,0.44018,51.052,0.019588,11.154,11.163,32.647,63.711,77.458,1472.0,-0.14561,186.48,0.68156,0.049360,liquid
237,420.86,0.44770,51.020,0.019600,11.203,11.211,32.761,63.659,77.487,1470.7,-0.14510,185.64,0.68145,0.049228,liquid
238,421.49,0.45533,50.988,0.019613,11.251,11.260,32.876,63.608,77.515,1469.4,-0.14459,184.80,0.68134,0.049095,liquid
239,422.11,0.46305,50.955,0.019625,11.299,11.308,32.990,63.557,77.544,1468.1,-0.14407,183.98,0.68122,0.048963,liquid
240,422.73,0.47088,50.923,0.019637,11.347,11.357,33.104,63.506,77.574,1466.7,-0.14355,183.15,0.68110,0.048830,liquid
241,423.36,0.47882,50.891,0.019650,11.396,11.405,33.219,63.455,77.603,1465.4,-0.14303,182.34,0.68097,0.048697,liquid
242,423.98,0.48686,50.859,0.019662,11.444,11.453,33.333,63.404,77.633,1464.0,-0.14250,181.53,0.68084,0.048564,liquid
243,424.60,0.49502,50.826,0.019675,11.492,11.502,33.446,63.354,77.663,1462.7,-0.14197,180.73,0.68071,0.048431,liquid
244,425.23,0.50328,50.793,0.019688,11.541,11.550,33.560,63.303,77.693,1461.3,-0.14144,179.94,0.68057,0.048297,liquid
245,425.85,0.51165,50.761,0.019700,11.589,11.599,33.674,63.253,77.724,1460.0,-0.14091,179.15,0.68043,0.048164,liquid
246,426.47,0.52013,50.728,0.019713,11.637,11.648,33.787,63.202,77.755,1458.6,-0.14037,178.37,0.68028,0.048030,liquid
247,427.10,0.52872,50.695,0.019726,11.686,11.696,33.901,63.152,77.786,1457.2,-0.13983,177.60,0.68013,0.047897,liquid
248,427.72,0.53743,50.662,0.019739,11.734,11.745,34.014,63.102,77.817,1455.8,-0.13929,176.84,0.67998,0.047763,liquid
249,428.34,0.54625,50.629,0.019751,11.782,11.793,34.127,63.052,77.849,1454.4,-0.13874,176.08,0.67982,0.047629,liquid
250,428.97,0.55519,50.596,0.019764,11.831,11.842,34.240,63.002,77.881,1453.0,-0.13819,175.32,0.67966,0.047495,liquid
251,429.59,0.56424,50.563,0.019777,11.879,11.891,34.353,62.953,77.913,1451.5,-0.13764,174.58,0.67949,0.047360,liquid
252,430.21,0.57341,50.529,0.019790,11.928,11.939,34.466,62.903,77.945,1450.1,-0.13709,173.84,0.67933,0.047226,liquid
253,430.84,0.58270,50.496,0.019804,11.976,11.988,34.579,62.854,77.978,1448.7,-0.13653,173.10,0.67926,0.047091,liquid
254,431.46,0.59211,50.463,0.019817,12.025,12.037,34.691,62.804,78.011,1447.2,-0.13597,172.37,0.67914,0.046957,liquid
255,432.08,0.60163,50.429,0.019830,12.073,12.085,34.804,62.755,78.045,1445.8,-0.13540,171.65,0.67899,0.046822,liquid
256,432.71,0.61128,50.395,0.019843,12.122,12.134,34.916,62.706,78.078,1444.3,-0.13483,170.94,0.67884,0.046687,liquid
257,433.33,0.62106,50.361,0.019856,12.171,12.183,35.028,62.657,78.112,1442.8,-0.13426,170.23,0.67868,0.046552,liquid
258,433.95,0.63096,50.328,0.019870,12.219,12.232,35.140,62.608,78.147,1441.3,-0.13369,169.52,0.67852,0.046417,liquid
259,434.58,0.64098,50.294,0.019883,12.268,12.280,35.252,62.559,78.181,1439.9,-0.13311,168.82,0.67834,0.046281,liquid
260,435.20,0.65113,50.259,0.019897,12.316,12.329,35.364,62.511,78.216,1438.4,-0.13253,168.13,0.67817,0.046146,liquid
261,435.82,0.66140,50.225,0.019910,12.365,12.378,35.476,62.462,78.251,1436.8,-0.13194,167.44,0.67798,0.046010,liquid
262,436.45,0.67181,50.191,0.019924,12.414,12.427,35.587,62.414,78.287,1435.3,-0.13136,166.76,0.67780,0.045874,liquid
263,437.07,0.68234,50.157,0.019938,12.462,12.476,35.699,62.365,78.322,1433.8,-0.13077,166.09,0.67761,0.045739,liquid
264,437.69,0.69301,50.122,0.019951,12.511,12.525,35.810,62.317,78.358,1432.3,-0.13017,165.42,0.67741,0.045603,liquid
265,438.32,0.70381,50.088,0.019965,12.560,12.574,35.921,62.269,78.395,1430.7,-0.12957,164.75,0.67721,0.045466,liquid
266,438.94,0.71474,50.053,0.019979,12.609,12.623,36.033,62.221,78.431,1429.2,-0.12897,164.09,0.67701,0.045330,liquid
267,439.56,0.72580,50.018,0.019993,12.657,12.672,36.144,62.173,78.468,1427.6,-0.12837,163.44,0.67680,0.045194,liquid
268,440.18,0.73700,49.983,0.020007,12.706,12.721,36.255,62.126,78.506,1426.1,-0.12776,162.79,0.67659,0.045057,liquid
269,440.81,0.74834,49.948,0.020021,12.755,12.770,36.365,62.078,78.543,1424.5,-0.12714,162.15,0.67637,0.044921,liquid
270,441.43,0.75982,49.913,0.020035,12.804,12.819,36.476,62.031,78.581,1422.9,-0.12653,161.51,0.67615,0.044784,liquid
271,442.05,0.77143,49.878,0.020049,12.853,12.868,36.587,61.983,78.619,1421.3,-0.12591,160.88,0.67592,0.044647,liquid
272,442.68,0.78318,49.843,0.020063,12.902,12.917,36.697,61.936,78.658,1419.7,-0.12529,160.25,0.67569,0.044510,liquid
273,443.30,0.79508,49.808,0.020077,12.950,12.966,36.808,61.889,78.697,1418.1,-0.12466,159.62,0.67546,0.044373,liquid
274,443.92,0.80712,49.772,0.020092,12.999,13.016,36.918,61.842,78.736,1416.5,-0.12403,159.00,0.67522,0.044236,liquid
275,444.55,0.81930,49.737,0.020106,13.048,13.065,37.028,61.795,78.776,1414.9,-0.12339,158.39,0.67498,0.044098,liquid
276,445.17,0.83163,49.701,0.020120,13.097,13.114,37.138,61.748,78.816,1413.3,-0.12275,157.78,0.67474,0.043961,liquid
277,445.79,0.84410,49.665,0.020135,13.146,13.163,37.248,61.702,78.856,1411.6,-0.12211,157.18,0.67449,0.043823,liquid
278,446.42,0.85672,49.629,0.020149,13.195,13.213,37.358,61.655,78.896,1410.0,-0.12146,156.58,0.67424,0.043686,liquid
279,447.04,0.86949,49.593,0.020164,13.244,13.262,37.468,61.609,78.937,1408.3,-0.12081,155.98,0.67398,0.043548,liquid
280,447.66,0.88241,49.557,0.020179,13.293,13.311,37.578,61.563,78.978,1406.7,-0.12016,155.39,0.67372,0.043410,liquid
281,448.29,0.89548,49.521,0.020193,13.342,13.361,37.687,61.516,79.020,1405.0,-0.11950,154.81,0.67346,0.043272,liquid
282,448.91,0.90871,49.485,0.020208,13.392,13.410,37.797,61.470,79.062,1403.3,-0.11884,154.22,0.67319,0.043133,liquid
283,449.53,0.92208,49.449,0.020223,13.441,13.459,37.906,61.425,79.104,1401.6,-0.11817,153.65,0.67292,0.042995,liquid
284,450.16,0.93561,49.412,0.020238,13.490,13.509,38.015,61.379,79.147,1399.9,-0.11750,153.07,0.67265,0.042857,liquid
285,450.78,0.94930,49.376,0.020253,13.539,13.558,38.125,61.333,79.190,1398.2,-0.11682,152.51,0.67237,0.042718,liquid
286,451.40,0.96315,49.339,0.020268,13.588,13.608,38.234,61.288,79.233,1396.5,-0.11614,151.94,0.67209,0.042580,liquid
287,452.03,0.97715,49.302,0.020283,13.637,13.657,38.343,61.242,79.277,1394.8,-0.11546,151.38,0.67180,0.042441,liquid
288,452.65,0.99131,49.266,0.020298,13.687,13.707,38.452,61.197,79.321,1393.1,-0.11477,150.83,0.67151,0.042302,liquid
289,453.27,1.0056,49.229,0.020313,13.736,13.756,38.560,61.152,79.365,1391.4,-0.11408,150.27,0.67122,0.042163,liquid
290,453.90,1.0201,49.192,0.020329,13.785,13.806,38.669,61.107,79.410,1389.6,-0.11338,149.73,0.67092,0.042024,liquid
291,454.52,1.0348,49.155,0.020344,13.835,13.856,38.778,61.062,79.455,1387.9,-0.11268,149.18,0.67062,0.041885,liquid
292,455.14,1.0496,49.117,0.020359,13.884,13.905,38.886,61.017,79.501,1386.1,-0.11198,148.64,0.67032,0.041745,liquid
293,455.77,1.0646,49.080,0.020375,13.933,13.955,38.995,60.972,79.547,1384.4,-0.11127,148.11,0.67001,0.041606,liquid
294,456.39,1.0797,49.043,0.020390,13.983,14.005,39.103,60.927,79.593,1382.6,-0.11055,147.57,0.66970,0.041466,liquid
295,457.01,1.0950,49.005,0.020406,14.032,14.054,39.211,60.883,79.640,1380.8,-0.10983,147.05,0.66938,0.041327,liquid
296,457.64,1.1105,48.967,0.020422,14.082,14.104,39.320,60.839,79.687,1379.0,-0.10911,146.52,0.66907,0.041187,liquid
297,458.26,1.1262,48.930,0.020438,14.131,14.154,39.428,60.794,79.735,1377.2,-0.10838,146.00,0.66874,0.041047,liquid
298,458.88,1.1420,48.892,0.020453,14.181,14.204,39.536,60.750,79.782,1375.4,-0.10764,145.48,0.66842,0.040907,liquid
299,459.50,1.1580,48.854,0.020469,14.230,14.254,39.644,60.706,79.831,1373.6,-0.10690,144.97,0.66809,0.040767,liquid
300,460.13,1.1742,48.816,0.020485,14.280,14.304,39.751,60.662,79.879,1371.8,-0.10616,144.46,0.66776,0.040627,liquid
301,460.75,1.1906,48.778,0.020501,14.329,14.354,39.859,60.619,79.928,1370.0,-0.10541,143.96,0.66742,0.040486,liquid
302,461.37,1.2071,48.739,0.020517,14.379,14.404,39.967,60.575,79.978,1368.1,-0.10466,143.45,0.66708,0.040346,liquid
303,462.00,1.2238,48.701,0.020534,14.428,14.454,40.074,60.532,80.028,1366.3,-0.10390,142.96,0.66674,0.040205,liquid
304,462.62,1.2407,48.662,0.020550,14.478,14.504,40.182,60.488,80.078,1364.4,-0.10314,142.46,0.66639,0.040065,liquid
305,463.24,1.2578,48.624,0.020566,14.528,14.554,40.289,60.445,80.129,1362.6,-0.10237,141.97,0.66604,0.039924,liquid
306,463.87,1.2751,48.585,0.020582,14.578,14.604,40.396,60.402,80.180,1360.7,-0.10159,141.48,0.66569,0.039783,liquid
307,464.49,1.2925,48.546,0.020599,14.627,14.654,40.504,60.359,80.231,1358.9,-0.10082,140.99,0.66533,0.039642,liquid
308,465.11,1.3102,48.507,0.020615,14.677,14.704,40.611,60.316,80.283,1357.0,-0.10003,140.51,0.66497,0.039501,liquid
309,465.74,1.3280,48.468,0.020632,14.727,14.754,40.718,60.273,80.336,1355.1,-0.099241,140.03,0.66461,0.039360,liquid
310,466.36,1.3460,48.429,0.020649,14.777,14.804,40.825,60.230,80.389,1353.2,-0.098446,139.56,0.66424,0.039219,liquid
311,466.98,1.3642,48.390,0.020665,14.827,14.855,40.932,60.188,80.442,1351.3,-0.097646,139.09,0.66387,0.039078,liquid
312,467.61,1.3826,48.351,0.020682,14.876,14.905,41.039,60.145,80.496,1349.4,-0.096840,138.62,0.66349,0.038936,liquid
313,468.23,1.4012,48.311,0.020699,14.926,14.955,41.145,60.103,80.550,1347.5,-0.096028,138.15,0.66312,0.038795,liquid
314,468.85,1.4200,48.272,0.020716,14.976,15.006,41.252,60.061,80.605,1345.5,-0.095211,137.69,0.66274,0.038653,liquid
315,469.48,1.4390,48.232,0.020733,15.026,15.056,41.358,60.019,80.660,1343.6,-0.094388,137.23,0.66235,0.038512,liquid
316,470.10,1.4582,48.192,0.020750,15.076,15.107,41.465,59.977,80.715,1341.7,-0.093560,136.77,0.66196,0.038370,liquid
317,470.72,1.4775,48.152,0.020767,15.126,15.157,41.571,59.935,80.771,1339.7,-0.092726,136.32,0.66157,0.038228,liquid
318,471.35,1.4971,48.112,0.020785,15.176,15.208,41.678,59.893,80.828,1337.8,-0.091886,135.87,0.66118,0.038086,liquid
319,471.97,1.5169,48.072,0.020802,15.226,15.258,41.784,59.852,80.885,1335.8,-0.091040,135.42,0.66078,0.037944,liquid
320,472.59,1.5369,48.032,0.020819,15.277,15.309,41.890,59.810,80.942,1333.8,-0.090188,134.98,0.66038,0.037802,liquid
321,473.22,1.5571,47.992,0.020837,15.327,15.359,41.996,59.769,81.000,1331.8,-0.089330,134.54,0.65997,0.037659,liquid
322,473.84,1.5775,47.951,0.020855,15.377,15.410,42.102,59.728,81.058,1329.9,-0.088466,134.10,0.65956,0.037517,liquid
323,474.46,1.5981,47.911,0.020872,15.427,15.461,42.208,59.687,81.117,1327.9,-0.087596,133.66,0.65915,0.037375,liquid
324,475.09,1.6189,47.870,0.020890,15.477,15.511,42.314,59.646,81.177,1325.9,-0.086720,133.23,0.65874,0.037232,liquid
325,475.71,1.6399,47.829,0.020908,15.528,15.562,42.420,59.605,81.236,1323.8,-0.085837,132.80,0.65832,0.037090,liquid
326,476.33,1.6611,47.788,0.020926,15.578,15.613,42.526,59.564,81.297,1321.8,-0.084948,132.37,0.65790,0.036947,liquid
327,476.96,1.6826,47.747,0.020944,15.628,15.664,42.632,59.524,81.358,1319.8,-0.084053,131.95,0.65747,0.036804,liquid
328,477.58,1.7042,47.706,0.020962,15.679,15.715,42.737,59.483,81.419,1317.8,-0.083151,131.53,0.65704,0.036661,liquid
329,478.20,1.7261,47.665,0.020980,15.729,15.765,42.843,59.443,81.481,1315.7,-0.082243,131.11,0.65661,0.036518,liquid
330,478.82,1.7482,47.623,0.020998,15.780,15.816,42.948,59.403,81.543,1313.7,-0.081328,130.69,0.65618,0.036375,liquid
331,479.45,1.7705,47.582,0.021016,15.830,15.867,43.054,59.362,81.606,1311.6,-0.080407,130.27,0.65574,0.036232,liquid
332,480.07,1.7931,47.540,0.021035,15.881,15.918,43.159,59.322,81.670,1309.6,-0.079479,129.86,0.65530,0.036089,liquid
333,480.69,1.8158,47.499,0.021053,15.931,15.969,43.264,59.283,81.734,1307.5,-0.078544,129.45,0.65485,0.035946,liquid
334,481.32,1.8388,47.457,0.021072,15.982,16.021,43.370,59.243,81.798,1305.4,-0.077602,129.05,0.65440,0.035802,liquid
335,481.94,1.8620,47.415,0.021090,16.032,16.072,43.475,59.203,81.863,1303.3,-0.076653,128.64,0.65395,0.035659,liquid
336,482.56,1.8854,47.373,0.021109,16.083,16.123,43.580,59.164,81.929,1301.2,-0.075697,128.24,0.65349,0.035515,liquid
337,483.19,1.9091,47.331,0.021128,16.134,16.174,43.685,59.124,81.995,1299.1,-0.074734,127.84,0.65304,0.035372,liquid
338,483.81,1.9330,47.288,0.021147,16.185,16.225,43.790,59.085,82.062,1297.0,-0.073764,127.44,0.65257,0.035228,liquid
339,484.43,1.9571,47.246,0.021166,16.235,16.277,43.895,59.046,82.129,1294.9,-0.072787,127.05,0.65211,0.035084,liquid
340,485.06,1.9815,47.203,0.021185,16.286,16.328,44.000,59.007,82.197,1292.8,-0.071802,126.66,0.65164,0.034941,liquid
341,485.68,2.0061,47.161,0.021204,16.337,16.379,44.105,58.968,82.266,1290.6,-0.070810,126.27,0.65117,0.034797,liquid
342,486.30,2.0309,47.118,0.021223,16.388,16.431,44.209,58.929,82.335,1288.5,-0.069811,125.88,0.65069,0.034653,liquid
343,486.93,2.0560,47.075,0.021243,16.439,16.482,44.314,58.891,82.404,1286.4,-0.068804,125.50,0.65022,0.034509,liquid
344,487.55,2.0813,47.032,0.021262,16.490,16.534,44.419,58.852,82.475,1284.2,-0.067789,125.11,0.64974,0.034365,liquid
345,488.17,2.1068,46.989,0.021282,16.541,16.585,44.523,58.814,82.545,1282.0,-0.066766,124.73,0.64925,0.034220,liquid
346,488.80,2.1326,46.945,0.021301,16.592,16.637,44.628,58.775,82.617,1279.9,-0.065736,124.35,0.64876,0.034076,liquid
347,489.42,2.1586,46.902,0.021321,16.643,16.689,44.732,58.737,82.689,1277.7,-0.064698,123.98,0.64827,0.033932,liquid
348,490.04,2.1849,46.858,0.021341,16.694,16.740,44.837,58.699,82.762,1275.5,-0.063652,123.60,0.64778,0.033787,liquid
349,490.67,2.2114,46.815,0.021361,16.745,16.792,44.941,58.661,82.835,1273.3,-0.062598,123.23,0.64728,0.033643,liquid
350,491.29,2.2382,46.771,0.021381,16.796,16.844,45.045,58.623,82.909,1271.1,-0.061535,122.86,0.64678,0.033499,liquid
351,491.91,2.2652,46.727,0.021401,16.847,16.896,45.150,58.586,82.984,1268.9,-0.060465,122.49,0.64627,0.033354,liquid
352,492.54,2.2925,46.683,0.021421,16.899,16.948,45.254,58.548,83.059,1266.7,-0.059386,122.13,0.64577,0.033209,liquid
353,493.16,2.3200,46.639,0.021441,16.950,17.000,45.358,58.511,83.135,1264.5,-0.058298,121.76,0.64526,0.033065,liquid
354,493.78,2.3478,46.594,0.021462,17.001,17.052,45.462,58.474,83.211,1262.2,-0.057203,121.40,0.64474,0.032920,liquid
355,494.41,2.3758,46.550,0.021482,17.053,17.104,45.566,58.436,83.289,1260.0,-0.056098,121.04,0.64422,0.032775,liquid
356,495.03,2.4041,46.505,0.021503,17.104,17.156,45.670,58.399,83.367,1257.8,-0.054985,120.68,0.64370,0.032630,liquid
357,495.65,2.4326,46.461,0.021524,17.155,17.208,45.774,58.362,83.445,1255.5,-0.053863,120.33,0.64318,0.032485,liquid
358,496.28,2.4615,46.416,0.021544,17.207,17.260,45.878,58.326,83.525,1253.2,-0.052732,119.97,0.64265,0.032340,liquid
359,496.90,2.4905,46.371,0.021565,17.258,17.312,45.982,58.289,83.605,1251.0,-0.051592,119.62,0.64212,0.032195,liquid
360,497.52,2.5199,46.326,0.021586,17.310,17.364,46.086,58.253,83.685,1248.7,-0.050443,119.27,0.64159,0.032050,liquid
361,498.14,2.5495,46.280,0.021607,17.362,17.417,46.190,58.216,83.767,1246.4,-0.049284,118.92,0.64105,0.031905,liquid
362,498.77,2.5794,46.235,0.021629,17.413,17.469,46.293,58.180,83.849,1244.1,-0.048117,118.58,0.64051,0.031759,liquid
363,499.39,2.6095,46.190,0.021650,17.465,17.521,46.397,58.144,83.932,1241.8,-0.046940,118.23,0.63997,0.031614,liquid
364,500.01,2.6399,46.144,0.021671,17.517,17.574,46.501,58.108,84.015,1239.5,-0.045753,117.89,0.63943,0.031469,liquid
365,500.64,2.6706,46.098,0.021693,17.568,17.626,46.604,58.072,84.100,1237.2,-0.044557,117.55,0.63888,0.031323,liquid
366,501.26,2.7016,46.052,0.021715,17.620,17.679,46.708,58.036,84.185,1234.9,-0.043351,117.21,0.63832,0.031178,liquid
367,501.88,2.7328,46.006,0.021736,17.672,17.732,46.811,58.000,84.271,1232.5,-0.042135,116.87,0.63777,0.031032,liquid
368,502.51,2.7643,45.960,0.021758,17.724,17.784,46.915,57.965,84.358,1230.2,-0.040909,116.54,0.63721,0.030887,liquid
369,503.13,2.7961,45.914,0.021780,17.776,17.837,47.018,57.930,84.445,1227.8,-0.039673,116.20,0.63665,0.030741,liquid
370,503.75,2.8282,45.867,0.021802,17.828,17.890,47.122,57.894,84.533,1225.5,-0.038426,115.87,0.63608,0.030595,liquid
371,504.38,2.8605,45.820,0.021824,17.880,17.942,47.225,57.859,84.622,1223.1,-0.037170,115.54,0.63551,0.030450,liquid
372,505.00,2.8932,45.774,0.021847,17.932,17.995,47.328,57.824,84.712,1220.8,-0.035903,115.21,0.63494,0.030304,liquid
373,505.62,2.9261,45.727,0.021869,17.984,18.048,47.432,57.789,84.803,1218.4,-0.034625,114.88,0.63437,0.030158,liquid
374,506.25,2.9593,45.680,0.021892,18.036,18.101,47.535,57.755,84.894,1216.0,-0.033336,114.56,0.63379,0.030012,liquid
375,506.87,2.9928,45.633,0.021914,18.089,18.154,47.638,57.720,84.987,1213.6,-0.032037,114.24,0.63321,0.029866,liquid
376,507.49,3.0266,45.585,0.021937,18.141,18.207,47.741,57.686,85.080,1211.2,-0.030727,113.91,0.63262,0.029720,liquid
377,508.12,3.0607,45.538,0.021960,18.193,18.260,47.845,57.651,85.174,1208.8,-0.029405,113.59,0.63203,0.029574,liquid
378,508.74,3.0951,45.490,0.021983,18.246,18.314,47.948,57.617,85.269,1206.4,-0.028073,113.27,0.63144,0.029428,liquid
379,509.36,3.1297,45.442,0.022006,18.298,18.367,48.051,57.583,85.365,1203.9,-0.026729,112.95,0.63085,0.029282,liquid
380,509.99,3.1647,45.394,0.022029,18.351,18.420,48.154,57.549,85.462,1201.5,-0.025373,112.64,0.63025,0.029136,liquid
381,510.61,3.2000,45.346,0.022053,18.403,18.474,48.257,57.515,85.559,1199.1,-0.024006,112.32,0.62965,0.028990,liquid
382,511.23,3.2356,45.298,0.022076,18.456,18.527,48.360,57.482,85.658,1196.6,-0.022627,112.01,0.62905,0.028844,liquid
383,511.86,3.2714,45.250,0.022100,18.508,18.581,48.463,57.448,85.757,1194.2,-0.021236,111.70,0.62844,0.028698,liquid
384,512.48,3.3076,45.201,0.022123,18.561,18.634,48.566,57.415,85.858,1191.7,-0.019833,111.39,0.62783,0.028551,liquid
385,513.10,3.3441,45.152,0.022147,18.614,18.688,48.669,57.382,85.959,1189.2,-0.018417,111.08,0.62722,0.028405,liquid
386,513.73,3.3809,45.104,0.022171,18.666,18.741,48.772,57.349,86.062,1186.7,-0.016989,110.77,0.62660,0.028259,liquid
387,514.35,3.4180,45.055,0.022195,18.719,18.795,48.875,57.316,86.165,1184.3,-0.015549,110.47,0.62598,0.028112,liquid
388,514.97,3.4554,45.005,0.022220,18.772,18.849,48.978,57.283,86.269,1181.8,-0.014096,110.16,0.62536,0.027966,liquid
389,515.60,3.4932,44.956,0.022244,18.825,18.903,49.081,57.250,86.375,1179.3,-0.012630,109.86,0.62473,0.027820,liquid
390,516.22,3.5312,44.907,0.022268,18.878,18.957,49.183,57.218,86.481,1176.7,-0.011151,109.56,0.62410,0.027673,liquid
391,516.84,3.5696,44.857,0.022293,18.931,19.011,49.286,57.185,86.588,1174.2,-0.0096586,109.26,0.62347,0.027527,liquid
392,517.46,3.6083,44.807,0.022318,18.984,19.065,49.389,57.153,86.697,1171.7,-0.0081529,108.96,0.62283,0.027380,liquid
393,518.09,3.6473,44.757,0.022343,19.037,19.119,49.492,57.121,86.806,1169.2,-0.0066337,108.66,0.62219,0.027234,liquid
394,518.71,3.6866,44.707,0.022368,19.090,19.173,49.595,57.089,86.917,1166.6,-0.0051008,108.36,0.62155,0.027087,liquid
395,519.33,3.7263,44.657,0.022393,19.144,19.227,49.697,57.057,87.029,1164.1,-0.0035540,108.07,0.62091,0.026941,liquid
396,519.96,3.7662,44.606,0.022418,19.197,19.281,49.800,57.025,87.141,1161.5,-0.0019931,107.77,0.62026,0.026794,liquid
397,520.58,3.8065,44.556,0.022444,19.250,19.336,49.903,56.994,87.255,1158.9,-0.00041788,107.48,0.61961,0.026647,liquid
398,521.20,3.8472,44.505,0.022469,19.304,19.390,50.005,56.962,87.370,1156.3,0.0011718,107.19,0.61895,0.026501,liquid
399,521.83,3.8881,44.454,0.022495,19.357,19.445,50.108,56.931,87.486,1153.8,0.0027761,106.90,0.61829,0.026354,liquid
400,522.45,3.9294,44.403,0.022521,19.411,19.499,50.211,56.900,87.604,1151.2,0.0043952,106.61,0.61763,0.026208,liquid
401,523.07,3.9711,44.352,0.022547,19.464,19.554,50.314,56.869,87.722,1148.6,0.0060294,106.32,0.61697,0.026061,liquid
402,523.70,4.0130,44.300,0.022573,19.518,19.608,50.416,56.838,87.842,1146.0,0.0076788,106.03,0.61630,0.025914,liquid
403,524.32,4.0553,44.249,0.022600,19.572,19.663,50.519,56.808,87.963,1143.3,0.0093436,105.75,0.61563,0.025768,liquid
404,524.94,4.0980,44.197,0.022626,19.625,19.718,50.622,56.777,88.085,1140.7,0.011024,105.46,0.61496,0.025621,liquid
405,525.57,4.1410,44.145,0.022653,19.679,19.773,50.724,56.747,88.208,1138.1,0.012720,105.18,0.61428,0.025474,liquid
406,526.19,4.1843,44.093,0.022680,19.733,19.828,50.827,56.717,88.333,1135.4,0.014433,104.90,0.61360,0.025327,liquid
407,526.81,4.2280,44.040,0.022706,19.787,19.883,50.929,56.687,88.459,1132.8,0.016162,104.61,0.61291,0.025181,liquid
408,527.44,4.2720,43.988,0.022734,19.841,19.938,51.032,56.657,88.586,1130.1,0.017907,104.33,0.61223,0.025034,liquid
409,528.06,4.3164,43.935,0.022761,19.895,19.993,51.135,56.627,88.715,1127.4,0.019669,104.05,0.61154,0.024887,liquid
410,528.68,4.3612,43.882,0.022788,19.949,20.048,51.237,56.598,88.845,1124.8,0.021448,103.78,0.61084,0.024741,liquid
411,529.31,4.4062,43.829,0.022816,20.003,20.104,51.340,56.568,88.976,1122.1,0.023244,103.50,0.61015,0.024594,liquid
412,529.93,4.4517,43.776,0.022844,20.057,20.159,51.443,56.539,89.109,1119.4,0.025058,103.22,0.60945,0.024447,liquid
413,530.55,4.4975,43.723,0.022871,20.112,20.215,51.545,56.510,89.243,1116.7,0.026889,102.95,0.60875,0.024300,liquid
414,531.18,4.5436,43.669,0.022900,20.166,20.270,51.648,56.481,89.378,1114.0,0.028738,102.67,0.60804,0.024154,liquid
415,531.80,4.5902,43.615,0.022928,20.220,20.326,51.751,56.452,89.515,1111.3,0.030606,102.40,0.60733,0.024007,liquid
416,532.42,4.6371,43.561,0.022956,20.275,20.381,51.853,56.424,89.654,1108.5,0.032491,102.13,0.60662,0.023860,liquid
417,533.05,4.6843,43.507,0.022985,20.330,20.437,51.956,56.395,89.794,1105.8,0.034396,101.86,0.60590,0.023713,liquid
418,533.67,4.7319,43.453,0.023014,20.384,20.493,52.059,56.367,89.935,1103.0,0.036320,101.59,0.60518,0.023567,liquid
419,534.29,4.7799,43.398,0.023043,20.439,20.549,52.161,56.339,90.078,1100.3,0.038262,101.32,0.60446,0.023420,liquid
420,534.92,4.8283,43.343,0.023072,20.494,20.605,52.264,56.311,90.223,1097.5,0.040225,101.05,0.60373,0.023273,liquid
421,535.54,4.8770,43.288,0.023101,20.548,20.661,52.367,56.283,90.369,1094.8,0.042207,100.78,0.60300,0.023127,liquid
422,536.16,4.9261,43.233,0.023130,20.603,20.717,52.469,56.255,90.517,1092.0,0.044209,100.52,0.60227,0.022980,liquid
423,536.78,4.9756,43.178,0.023160,20.658,20.774,52.572,56.228,90.666,1089.2,0.046232,100.25,0.60154,0.022833,liquid
424,537.41,5.0254,43.122,0.023190,20.713,20.830,52.675,56.201,90.817,1086.4,0.048275,99.986,0.60080,0.022687,liquid
425,538.03,5.0757,43.066,0.023220,20.768,20.886,52.778,56.174,90.970,1083.6,0.050340,99.722,0.60006,0.022540,liquid
426,538.65,5.1263,43.011,0.023250,20.824,20.943,52.880,56.147,91.124,1080.8,0.052425,99.459,0.59931,0.022394,liquid
427,539.28,5.1773,42.954,0.023281,20.879,20.999,52.983,56.120,91.281,1077.9,0.054533,99.196,0.59856,0.022247,liquid
428,539.90,5.2287,42.898,0.023311,20.934,21.056,53.086,56.094,91.439,1075.1,0.056662,98.935,0.59781,0.022100,liquid
429,540.52,5.2805,42.841,0.023342,20.990,21.113,53.189,56.067,91.598,1072.2,0.058813,98.674,0.59705,0.021954,liquid
430,541.15,5.3327,42.785,0.023373,21.045,21.170,53.292,56.041,91.760,1069.4,0.060987,98.415,0.59630,0.021807,liquid
431,541.77,5.3852,42.728,0.023404,21.101,21.227,53.395,56.015,91.924,1066.5,0.063185,98.156,0.59553,0.021661,liquid
432,542.39,5.4382,42.670,0.023435,21.156,21.284,53.497,55.989,92.089,1063.7,0.065405,97.897,0.59477,0.021514,liquid
433,543.02,5.4916,42.613,0.023467,21.212,21.341,53.600,55.964,92.257,1060.8,0.067649,97.640,0.59400,0.021368,liquid
434,543.64,5.5453,42.555,0.023499,21.268,21.398,53.703,55.938,92.426,1057.9,0.069917,97.383,0.59323,0.021222,liquid
435,544.26,5.5995,42.497,0.023531,21.324,21.455,53.806,55.913,92.597,1055.0,0.072210,97.127,0.59245,0.021075,liquid
436,544.89,5.6540,42.439,0.023563,21.379,21.513,53.909,55.888,92.771,1052.1,0.074527,96.872,0.59167,0.020929,liquid
437,545.51,5.7090,42.381,0.023596,21.435,21.570,54.012,55.863,92.946,1049.2,0.076870,96.617,0.59089,0.020783,liquid
438,546.13,5.7644,42.322,0.023628,21.492,21.628,54.116,55.839,93.124,1046.2,0.079238,96.364,0.59011,0.020636,liquid
439,546.76,5.8202,42.264,0.023661,21.548,21.685,54.219,55.814,93.304,1043.3,0.081632,96.110,0.58932,0.020490,liquid
440,547.38,5.8764,42.204,0.023694,21.604,21.743,54.322,55.790,93.485,1040.4,0.084052,95.858,0.58852,0.020344,liquid
441,548.00,5.9330,42.145,0.023727,21.660,21.801,54.425,55.766,93.670,1037.4,0.086500,95.606,0.58773,0.020198,liquid
442,548.63,5.9900,42.086,0.023761,21.717,21.859,54.528,55.742,93.856,1034.4,0.088974,95.355,0.58693,0.020052,liquid
443,549.25,6.0474,42.026,0.023795,21.773,21.917,54.632,55.718,94.045,1031.5,0.091476,95.104,0.58613,0.019906,liquid
444,549.87,6.1053,41.966,0.023829,21.830,21.975,54.735,55.695,94.236,1028.5,0.094007,94.854,0.58532,0.019760,liquid
445,550.50,6.1636,41.906,0.023863,21.886,22.034,54.838,55.672,94.429,1025.5,0.096566,94.605,0.58451,0.019614,liquid
446,551.12,6.2223,41.845,0.023898,21.943,22.092,54.942,55.649,94.625,1022.5,0.099154,94.356,0.58370,0.019468,liquid
447,551.74,6.2814,41.785,0.023932,22.000,22.150,55.045,55.626,94.824,1019.5,0.10177,94.108,0.58288,0.019322,liquid
448,552.37,6.3410,41.724,0.023967,22.057,22.209,55.149,55.604,95.025,1016.4,0.10442,93.861,0.58206,0.019176,liquid
449,552.99,6.4010,41.663,0.024002,22.114,22.268,55.252,55.581,95.228,1013.4,0.10710,93.614,0.58124,0.019031,liquid
450,553.61,6.4614,41.601,0.024038,22.171,22.326,55.356,55.559,95.435,1010.3,0.10981,93.367,0.58041,0.018885,liquid
451,554.24,6.5223,41.539,0.024074,22.228,22.385,55.460,55.537,95.643,1007.3,0.11255,93.121,0.57958,0.018739,liquid
452,554.86,6.5836,41.477,0.024110,22.286,22.444,55.563,55.516,95.855,1004.2,0.11532,92.876,0.57875,0.018594,liquid
453,555.48,6.6453,41.415,0.024146,22.343,22.503,55.667,55.494,96.069,1001.1,0.11813,92.631,0.57791,0.018448,liquid
454,556.10,6.7075,41.353,0.024182,22.400,22.563,55.771,55.473,96.287,998.06,0.12096,92.387,0.57707,0.018303,liquid
455,556.73,6.7701,41.290,0.024219,22.458,22.622,55.875,55.452,96.507,994.97,0.12384,92.143,0.57623,0.018158,liquid
456,557.35,6.8332,41.227,0.024256,22.516,22.681,55.979,55.432,96.730,991.86,0.12674,91.900,0.57538,0.018012,liquid
457,557.97,6.8967,41.164,0.024293,22.573,22.741,56.083,55.411,96.956,988.74,0.12968,91.657,0.57453,0.017867,liquid
458,558.60,6.9607,41.100,0.024331,22.631,22.801,56.187,55.391,97.185,985.61,0.13266,91.414,0.57367,0.017722,liquid
459,559.22,7.0251,41.036,0.024369,22.689,22.860,56.291,55.371,97.418,982.48,0.13568,91.172,0.57281,0.017577,liquid
460,559.84,7.0900,40.972,0.024407,22.747,22.920,56.396,55.352,97.653,979.33,0.13873,90.931,0.57195,0.017432,liquid
461,560.47,7.1553,40.908,0.024445,22.806,22.980,56.500,55.332,97.892,976.17,0.14181,90.690,0.57109,0.017287,liquid
462,561.09,7.2211,40.843,0.024484,22.864,23.041,56.604,55.313,98.135,973.00,0.14494,90.449,0.57022,0.017142,liquid
463,561.71,7.2873,40.778,0.024523,22.922,23.101,56.709,55.294,98.380,969.81,0.14811,90.209,0.56934,0.016998,liquid
464,562.34,7.3541,40.713,0.024562,22.981,23.161,56.813,55.276,98.629,966.62,0.15131,89.969,0.56847,0.016853,liquid
465,562.96,7.4212,40.647,0.024602,23.039,23.222,56.918,55.257,98.882,963.42,0.15455,89.729,0.56759,0.016708,liquid
466,563.58,7.4889,40.581,0.024642,23.098,23.282,57.023,55.239,99.138,960.20,0.15784,89.490,0.56670,0.016564,liquid
467,564.21,7.5570,40.515,0.024682,23.157,23.343,57.128,55.221,99.398,956.98,0.16117,89.251,0.56581,0.016420,liquid
468,564.83,7.6256,40.448,0.024723,23.216,23.404,57.232,55.204,99.662,953.74,0.16454,89.013,0.56492,0.016275,liquid
469,565.45,7.6947,40.382,0.024764,23.275,23.465,57.337,55.187,99.930,950.49,0.16795,88.775,0.56403,0.016131,liquid
470,566.08,7.7642,40.314,0.024805,23.334,23.526,57.443,55.170,100.20,947.23,0.17141,88.537,0.56313,0.015987,liquid
471,566.70,7.8343,40.247,0.024847,23.393,23.588,57.548,55.153,100.48,943.96,0.17491,88.299,0.56222,0.015843,liquid
472,567.32,7.9048,40.179,0.024888,23.452,23.649,57.653,55.137,100.76,940.67,0.17846,88.062,0.56132,0.015699,liquid
473,567.95,7.9758,40.111,0.024931,23.512,23.711,57.758,55.121,101.04,937.38,0.18206,87.825,0.56041,0.015555,liquid
474,568.57,8.0473,40.043,0.024973,23.572,23.773,57.864,55.105,101.33,934.07,0.18570,87.588,0.55949,0.015412,liquid
475,569.19,8.1193,39.974,0.025016,23.631,23.834,57.970,55.090,101.62,930.75,0.18939,87.352,0.55857,0.015268,liquid
476,569.82,8.1917,39.905,0.025060,23.691,23.896,58.075,55.075,101.92,927.42,0.19313,87.116,0.55765,0.015125,liquid
477,570.44,8.2647,39.836,0.025103,23.751,23.959,58.181,55.060,102.22,924.08,0.19692,86.880,0.55672,0.014982,liquid
478,571.06,8.3382,39.766,0.025147,23.811,24.021,58.287,55.046,102.53,920.73,0.20077,86.644,0.55579,0.014838,liquid
479,571.69,8.4121,39.696,0.025192,23.871,24.083,58.393,55.032,102.84,917.36,0.20466,86.408,0.55486,0.014695,liquid
480,572.31,8.4866,39.625,0.025236,23.932,24.146,58.499,55.018,103.16,913.98,0.20861,86.173,0.55392,0.014552,liquid
481,572.93,8.5616,39.554,0.025282,23.992,24.209,58.605,55.005,103.48,910.59,0.21261,85.938,0.55298,0.014410,liquid
482,573.56,8.6370,39.483,0.025327,24.053,24.272,58.712,54.992,103.81,907.19,0.21667,85.703,0.55203,0.014267,liquid
483,574.18,8.7130,39.412,0.025373,24.114,24.335,58.818,54.980,104.14,903.77,0.22079,85.468,0.55108,0.014124,liquid
484,574.80,8.7895,39.340,0.025420,24.174,24.398,58.925,54.967,104.48,900.34,0.22496,85.233,0.55012,0.013982,liquid
485,575.42,8.8666,39.267,0.025466,24.235,24.461,59.032,54.956,104.82,896.90,0.22919,84.998,0.54917,0.013840,liquid
486,576.05,8.9441,39.195,0.025514,24.297,24.525,59.139,54.944,105.17,893.44,0.23349,84.764,0.54820,0.013697,liquid
487,576.67,9.0221,39.122,0.025561,24.358,24.589,59.246,54.933,105.53,889.98,0.23784,84.529,0.54724,0.013556,liquid
488,577.29,9.1007,39.048,0.025609,24.419,24.652,59.353,54.923,105.89,886.50,0.24226,84.295,0.54626,0.013414,liquid
489,577.92,9.1798,38.974,0.025658,24.481,24.717,59.461,54.912,106.26,883.00,0.24674,84.060,0.54529,0.013272,liquid
490,578.54,9.2595,38.900,0.025707,24.543,24.781,59.568,54.903,106.63,879.50,0.25129,83.826,0.54431,0.013130,liquid
491,579.16,9.3396,38.826,0.025756,24.605,24.845,59.676,54.893,107.01,875.97,0.25591,83.592,0.54332,0.012989,liquid
492,579.79,9.4203,38.750,0.025806,24.667,24.910,59.784,54.884,107.40,872.44,0.26059,83.358,0.54233,0.012848,liquid
493,580.41,9.5016,38.675,0.025856,24.729,24.974,59.892,54.876,107.80,868.89,0.26534,83.123,0.54134,0.012707,liquid
494,581.03,9.5833,38.599,0.025907,24.791,25.039,60.000,54.868,108.20,865.33,0.27017,82.889,0.54034,0.012566,liquid
495,581.66,9.6657,38.523,0.025959,24.854,25.105,60.108,54.860,108.61,861.76,0.27507,82.655,0.53934,0.012425,liquid
496,582.28,9.7485,38.446,0.026011,24.916,25.170,60.217,54.853,109.02,858.17,0.28004,82.421,0.53834,0.012285,liquid
497,582.90,9.8319,38.369,0.026063,24.979,25.235,60.326,54.846,109.45,854.56,0.28509,82.186,0.53732,0.012144,liquid
498,583.53,9.9159,38.291,0.026116,25.042,25.301,60.434,54.840,109.88,850.94,0.29022,81.952,0.53631,0.012004,liquid
499,584.15,10.000,38.213,0.026169,25.105,25.367,60.543,54.835,110.32,847.31,0.29543,81.717,0.53529,0.011864,liquid
500,584.77,10.085,38.134,0.026223,25.169,25.433,60.653,54.829,110.77,843.67,0.30071,81.483,0.53426,0.011724,liquid
501,585.40,10.171,38.055,0.026278,25.232,25.499,60.762,54.825,111.23,840.00,0.30609,81.248,0.53323,0.011584,liquid
502,586.02,10.257,37.976,0.026333,25.296,25.566,60.872,54.821,111.70,836.33,0.31155,81.013,0.53220,0.011445,liquid
503,586.64,10.344,37.896,0.026388,25.360,25.633,60.982,54.817,112.17,832.64,0.31709,80.778,0.53116,0.011306,liquid
504,587.27,10.431,37.815,0.026444,25.424,25.699,61.092,54.814,112.66,828.93,0.32273,80.543,0.53012,0.011167,liquid
505,587.89,10.519,37.734,0.026501,25.488,25.767,61.202,54.812,113.15,825.21,0.32846,80.307,0.52907,0.011028,liquid
506,588.51,10.608,37.653,0.026558,25.552,25.834,61.313,54.810,113.66,821.47,0.33428,80.072,0.52802,0.010889,liquid
507,589.14,10.697,37.571,0.026616,25.617,25.902,61.423,54.809,114.18,817.72,0.34020,79.836,0.52696,0.010751,liquid
508,589.76,10.786,37.488,0.026675,25.682,25.969,61.534,54.808,114.70,813.95,0.34621,79.600,0.52589,0.010612,liquid
509,590.38,10.877,37.405,0.026734,25.747,26.037,61.646,54.808,115.24,810.16,0.35233,79.364,0.52483,0.010474,liquid
510,591.01,10.967,37.321,0.026794,25.812,26.106,61.757,54.809,115.79,806.36,0.35855,79.127,0.52375,0.010337,liquid
511,591.63,11.059,37.237,0.026855,25.877,26.174,61.869,54.810,116.35,802.55,0.36488,78.890,0.52267,0.010199,liquid
512,592.25,11.151,37.152,0.026916,25.943,26.243,61.981,54.812,116.92,798.71,0.37132,78.653,0.52159,0.010062,liquid
513,592.88,11.243,37.067,0.026978,26.009,26.312,62.093,54.815,117.51,794.86,0.37787,78.415,0.52050,0.0099247,liquid
514,593.50,11.336,36.981,0.027041,26.075,26.381,62.205,54.818,118.11,790.99,0.38453,78.177,0.51941,0.0097879,liquid
515,594.12,11.430,36.895,0.027104,26.141,26.451,62.318,54.822,118.72,787.11,0.39131,77.939,0.51831,0.0096512,liquid
516,594.74,11.525,36.808,0.027168,26.207,26.520,62.431,54.827,119.35,783.21,0.39822,77.700,0.51721,0.0095149,liquid
517,595.37,11.620,36.720,0.027233,26.274,26.590,62.544,54.833,119.99,779.29,0.40524,77.461,0.51610,0.0093788,liquid
518,595.99,11.715,36.632,0.027299,26.341,26.661,62.658,54.839,120.65,775.35,0.41240,77.221,0.51498,0.0092429,liquid
519,596.61,11.811,36.543,0.027365,26.408,26.731,62.772,54.847,121.32,771.39,0.41968,76.981,0.51386,0.0091073,liquid
520,597.24,11.908,36.453,0.027433,26.475,26.802,62.886,54.855,122.00,767.41,0.42710,76.741,0.51273,0.0089720,liquid
521,597.86,12.006,36.363,0.027501,26.543,26.873,63.001,54.864,122.71,763.42,0.43466,76.499,0.51160,0.0088370,liquid
522,598.48,12.104,36.272,0.027570,26.611,26.945,63.116,54.874,123.43,759.41,0.44236,76.258,0.51046,0.0087022,liquid
523,599.11,12.202,36.180,0.027639,26.679,27.016,63.231,54.884,124.17,755.37,0.45021,76.015,0.50932,0.0085677,liquid
524,599.73,12.302,36.088,0.027710,26.747,27.088,63.346,54.896,124.93,751.32,0.45821,75.773,0.50817,0.0084335,liquid
525,600.35,12.402,35.995,0.027782,26.816,27.161,63.462,54.909,125.71,747.25,0.46637,75.529,0.50702,0.0082996,liquid
526,600.98,12.502,35.901,0.027854,26.885,27.233,63.578,54.923,126.51,743.16,0.47468,75.285,0.50586,0.0081660,liquid
527,601.60,12.604,35.807,0.027928,26.954,27.306,63.695,54.937,127.33,739.04,0.48316,75.040,0.50469,0.0080327,liquid
528,602.22,12.705,35.711,0.028002,27.024,27.379,63.812,54.953,128.17,734.91,0.49181,74.794,0.50352,0.0078997,liquid
529,602.85,12.808,35.615,0.028078,27.093,27.453,63.929,54.970,129.03,730.75,0.50064,74.548,0.50234,0.0077670,liquid
530,603.47,12.911,35.519,0.028154,27.163,27.527,64.047,54.988,129.92,726.57,0.50965,74.301,0.50115,0.0076347,liquid
531,604.09,13.015,35.421,0.028232,27.234,27.601,64.165,55.007,130.84,722.36,0.51884,74.053,0.49996,0.0075026,liquid
532,604.72,13.119,35.322,0.028311,27.304,27.676,64.284,55.028,131.78,718.14,0.52823,73.804,0.49877,0.0073709,liquid
533,605.34,13.225,35.223,0.028390,27.375,27.751,64.403,55.050,132.75,713.89,0.53782,73.554,0.49756,0.0072396,liquid
534,605.96,13.331,35.123,0.028471,27.447,27.826,64.523,55.073,133.74,709.61,0.54761,73.304,0.49635,0.0071086,liquid
535,606.59,13.437,35.022,0.028554,27.518,27.902,64.643,55.097,134.77,705.31,0.55762,73.052,0.49514,0.0069780,liquid
536,607.21,13.544,34.920,0.028637,27.590,27.978,64.763,55.123,135.83,700.98,0.56785,72.799,0.49391,0.0068477,liquid
537,607.83,13.652,34.817,0.028722,27.663,28.055,64.884,55.150,136.92,696.63,0.57831,72.546,0.49269,0.0067178,liquid
538,608.46,13.761,34.713,0.028808,27.735,28.132,65.005,55.179,138.05,692.25,0.58901,72.291,0.49145,0.0065882,liquid
539,609.08,13.870,34.608,0.028895,27.808,28.209,65.127,55.210,139.21,687.84,0.59996,72.035,0.49021,0.0064591,liquid
540,609.70,13.980,34.502,0.028984,27.882,28.287,65.250,55.242,140.41,683.40,0.61116,71.778,0.48896,0.0063303,liquid
541,610.33,14.090,34.395,0.029074,27.956,28.365,65.373,55.276,141.66,678.93,0.62263,71.519,0.48770,0.0062019,liquid
542,610.95,14.202,34.287,0.029165,28.030,28.444,65.497,55.311,142.94,674.43,0.63437,71.260,0.48644,0.0060740,liquid
543,611.57,14.314,34.178,0.029258,28.104,28.523,65.621,55.349,144.28,669.89,0.64641,70.999,0.48517,0.0059465,liquid
544,612.20,14.427,34.068,0.029353,28.179,28.603,65.746,55.388,145.66,665.33,0.65874,70.736,0.48390,0.0058194,liquid
545,612.82,14.540,33.957,0.029449,28.255,28.683,65.871,55.430,147.09,660.73,0.67138,70.472,0.48262,0.0056927,liquid
546,613.44,14.654,33.844,0.029547,28.331,28.764,65.997,55.474,148.57,656.09,0.68435,70.207,0.48133,0.0055664,liquid
547,614.06,14.769,33.731,0.029647,28.407,28.845,66.124,55.520,150.11,651.42,0.69767,69.939,0.48003,0.0054407,liquid
548,614.69,14.885,33.616,0.029748,28.484,28.927,66.251,55.568,151.72,646.70,0.71133,69.671,0.47873,0.0053153,liquid
549,615.31,15.001,33.499,0.029851,28.561,29.009,66.380,55.619,153.38,641.95,0.72536,69.400,0.47743,0.0051905,liquid
550,615.93,15.118,33.382,0.029957,28.639,29.092,66.509,55.673,155.12,637.16,0.73979,69.127,0.47611,0.0050661,liquid
551,616.56,15.236,33.262,0.030064,28.717,29.175,66.638,55.729,156.93,632.32,0.75461,68.853,0.47479,0.0049423,liquid
552,617.18,15.355,33.142,0.030173,28.796,29.260,66.769,55.789,158.82,627.43,0.76986,68.576,0.47346,0.0048189,liquid
553,617.80,15.474,33.020,0.030285,28.876,29.344,66.900,55.851,160.80,622.50,0.78556,68.298,0.47213,0.0046961,liquid
554,618.43,15.594,32.896,0.030399,28.956,29.430,67.033,55.917,162.86,617.52,0.80172,68.017,0.47079,0.0045737,liquid
555,619.05,15.715,32.771,0.030515,29.036,29.516,67.166,55.987,165.02,612.49,0.81837,67.734,0.46944,0.0044520,liquid
556,619.67,15.837,32.644,0.030634,29.118,29.603,67.300,56.060,167.29,607.41,0.83554,67.448,0.46809,0.0043307,liquid
557,620.30,15.959,32.515,0.030755,29.199,29.690,67.435,56.137,169.67,602.27,0.85324,67.160,0.46674,0.0042101,liquid
558,620.92,16.082,32.384,0.030879,29.282,29.779,67.571,56.219,172.16,597.07,0.87151,66.869,0.46538,0.0040900,liquid
559,621.54,16.206,32.252,0.031006,29.365,29.868,67.709,56.305,174.79,591.82,0.89037,66.575,0.46401,0.0039705,liquid
560,622.17,16.331,32.118,0.031136,29.449,29.958,67.847,56.395,177.56,586.50,0.90987,66.278,0.46264,0.0038516,liquid
561,622.79,16.457,31.981,0.031269,29.534,30.049,67.987,56.492,180.48,581.11,0.93003,65.977,0.46127,0.0037334,liquid
562,623.41,16.583,31.842,0.031405,29.620,30.140,68.128,56.593,183.57,575.66,0.95088,65.674,0.45989,0.0036158,liquid
563,624.04,16.710,31.701,0.031545,29.706,30.233,68.270,56.701,186.83,570.14,0.97247,65.367,0.45851,0.0034988,liquid
564,624.66,16.838,31.558,0.031688,29.793,30.327,68.414,56.815,190.29,564.54,0.99483,65.056,0.45713,0.0033825,liquid
565,625.28,16.967,31.412,0.031835,29.882,30.422,68.559,56.936,193.97,558.87,1.0180,64.741,0.45575,0.0032670,liquid
566,625.91,17.097,31.263,0.031987,29.971,30.518,68.706,57.065,197.87,553.12,1.0421,64.422,0.45438,0.0031521,liquid
567,626.53,17.227,31.112,0.032142,30.061,30.615,68.854,57.202,202.03,547.28,1.0670,64.098,0.45300,0.0030380,liquid
568,627.15,17.358,30.957,0.032302,30.152,30.713,69.004,57.348,206.46,541.37,1.0929,63.770,0.45163,0.0029246,liquid
569,627.78,17.490,30.800,0.032468,30.245,30.813,69.156,57.504,211.20,535.36,1.1198,63.436,0.45026,0.0028120,liquid
570,628.40,17.623,30.639,0.032638,30.339,30.914,69.310,57.670,216.27,529.27,1.1478,63.098,0.44890,0.0027002,liquid
571,629.02,17.757,30.475,0.032814,30.433,31.016,69.466,57.847,221.71,523.08,1.1770,62.754,0.44756,0.0025892,liquid
572,629.65,17.892,30.307,0.032995,30.530,31.120,69.624,58.038,227.56,516.80,1.2073,62.403,0.44622,0.0024791,liquid
573,630.27,18.028,30.136,0.033183,30.627,31.226,69.785,58.241,233.85,510.43,1.2388,62.047,0.44491,0.0023698,liquid
574,630.89,18.164,29.960,0.033378,30.726,31.333,69.947,58.460,240.64,503.96,1.2717,61.684,0.44361,0.0022615,liquid
575,631.52,18.301,29.780,0.033579,30.827,31.442,70.113,58.695,247.97,497.40,1.3060,61.314,0.44234,0.0021541,liquid
576,632.14,18.440,29.596,0.033789,30.930,31.553,70.281,58.948,255.92,490.74,1.3417,60.936,0.44110,0.0020477,liquid
577,632.76,18.579,29.406,0.034006,31.034,31.665,70.452,59.220,264.55,483.99,1.3790,60.551,0.43989,0.0019423,liquid
578,633.39,18.719,29.212,0.034233,31.140,31.780,70.626,59.514,273.95,477.15,1.4178,60.157,0.43873,0.0018380,liquid
579,634.01,18.860,29.012,0.034469,31.248,31.898,70.803,59.831,284.20,470.22,1.4584,59.754,0.43762,0.0017347,liquid
580,634.63,19.002,28.806,0.034715,31.358,32.018,70.984,60.173,295.42,463.21,1.5006,59.342,0.43656,0.0016326,liquid
581,635.25,19.145,28.594,0.034972,31.470,32.140,71.169,60.542,307.75,456.13,1.5448,58.920,0.43558,0.0015317,liquid
582,635.88,19.289,28.376,0.035241,31.585,32.265,71.358,60.942,321.36,448.99,1.5908,58.487,0.43468,0.0014320,liquid
583,636.50,19.433,28.151,0.035523,31.703,32.393,71.551,61.373,336.44,441.79,1.6388,58.044,0.43388,0.0013336,liquid
584,637.12,19.579,27.918,0.035819,31.823,32.524,71.749,61.839,353.25,434.54,1.6890,57.589,0.43319,0.0012366,liquid
585,637.75,19.726,27.678,0.036130,31.946,32.659,71.952,62.342,372.16,427.26,1.7415,57.121,0.43265,0.0011410,liquid
586,638.37,19.874,27.428,0.036459,32.073,32.797,72.160,62.885,393.62,419.95,1.7964,56.639,0.43228,0.0010469,liquid
587,638.99,20.023,27.170,0.036806,32.203,32.940,72.375,63.472,418.29,412.60,1.8542,56.143,0.43213,0.00095443,liquid
588,639.62,20.173,26.900,0.037175,32.337,33.087,72.597,64.106,447.08,405.22,1.9150,55.631,0.43226,0.00086367,liquid
589,640.24,20.324,26.619,0.037568,32.476,33.240,72.827,64.793,481.33,397.77,1.9796,55.100,0.43276,0.00077472,liquid
590,640.86,20.476,26.323,0.037990,32.621,33.399,73.066,65.542,523.01,390.22,2.0486,54.548,0.43375,0.00068773,liquid
591,641.49,20.629,26.011,0.038446,32.772,33.565,73.316,66.366,575.16,382.48,2.1230,53.971,0.43540,0.00060285,liquid
592,642.11,20.783,25.677,0.038945,32.931,33.740,73.580,67.289,642.59,374.45,2.2043,53.364,0.43797,0.00052027,liquid
593,642.73,20.939,25.317,0.039499,33.101,33.928,73.862,68.347,733.29,365.94,2.2945,52.719,0.44184,0.00044020,liquid
594,643.36,21.096,24.922,0.040124,33.284,34.130,74.168,69.605,861.36,356.71,2.3962,52.027,0.44758,0.00036294,liquid
595,643.98,21.254,24.480,0.040850,33.486,34.354,74.505,71.179,1053.5,346.36,2.5134,51.273,0.45614,0.00028883,liquid
596,644.60,21.413,23.969,0.041721,33.713,34.607,74.887,73.283,1365.7,334.35,2.6517,50.437,0.46919,0.00021836,liquid
597,645.23,21.574,23.357,0.042814,33.980,34.904,75.337,76.329,1932.0,319.86,2.8194,49.490,0.49005,0.00015224,liquid
598,645.85,21.736,22.588,0.044272,34.307,35.269,75.893,81.160,3159.0,302.02,3.0270,48.396,0.52723,9.1540e-05,liquid
599,646.47,21.899,21.536,0.046434,34.745,35.762,76.644,89.847,7195.2,280.02,3.2867,47.132,0.61750,3.8351e-05,liquid
600,647.10,22.064,17.874,0.055948,36.314,37.548,79.393,undefined,undefined,undefined,3.7410,94.111,undefined,undefined,liquid
