,Temperature (K),Pressure (MPa),Density (mol/l),Volume (l/mol),Internal Energy (kJ/mol),Enthalpy (kJ/mol),Entropy (J/mol*K),Cv (J/mol*K),Cp (J/mol*K),Sound Spd. (m/s),Joule-Thomson (K/MPa),Viscosity (uPa*s),Therm. Cond. (W/m*K),Phase
0,273.16,0.00061165,0.00026947,3711.0,42.785,45.055,164.94,25.553,33.947,409.00,592.65,8.9458,0.016761,vapor
1,273.78,0.00063992,0.00028128,3555.1,42.800,45.075,164.64,25.562,33.958,409.45,580.97,8.9636,0.016801,vapor
2,274.41,0.00066933,0.00029355,3406.6,42.816,45.096,164.34,25.571,33.969,409.90,569.55,8.9815,0.016841,vapor
3,275.03,0.00069994,0.00030628,3265.0,42.831,45.116,164.04,25.581,33.981,410.35,558.36,8.9995,0.016881,vapor
4,275.65,0.00073177,0.00031950,3129.9,42.847,45.137,163.75,25.590,33.992,410.80,547.41,9.0175,0.016921,vapor
5,276.28,0.00076489,0.00033321,3001.1,42.862,45.158,163.46,25.599,34.003,411.25,536.69,9.0356,0.016961,vapor
6,276.90,0.00079932,0.00034743,2878.3,42.877,45.178,163.16,25.609,34.015,411.70,526.20,9.0537,0.017002,vapor
7,277.52,0.00083511,0.00036218,2761.1,42.893,45.199,162.87,25.618,34.026,412.15,515.93,9.0719,0.017042,vapor
8,278.15,0.00087232,0.00037747,2649.2,42.908,45.219,162.59,25.628,34.038,412.60,505.88,9.0901,0.017083,vapor
9,278.77,0.00091098,0.00039333,2542.4,42.924,45.240,162.30,25.638,34.050,413.04,496.05,9.1084,0.017124,vapor
10,279.39,0.00095115,0.00040977,2440.4,42.939,45.260,162.02,25.647,34.062,413.49,486.43,9.1267,0.017164,vapor
11,280.02,0.00099288,0.00042680,2343.0,42.955,45.281,161.73,25.657,34.073,413.94,477.02,9.1451,0.017205,vapor
12,280.64,0.0010362,0.00044445,2250.0,42.970,45.301,161.45,25.667,34.085,414.38,467.82,9.1636,0.017246,vapor
13,281.26,0.0010812,0.00046273,2161.1,42.985,45.322,161.17,25.676,34.097,414.82,458.82,9.1821,0.017287,vapor
14,281.89,0.0011279,0.00048166,2076.1,43.001,45.343,160.89,25.686,34.109,415.27,450.01,9.2006,0.017328,vapor
15,282.51,0.0011764,0.00050127,1994.9,43.016,45.363,160.61,25.696,34.121,415.71,441.39,9.2192,0.017370,vapor
16,283.13,0.0012267,0.00052156,1917.3,43.032,45.384,160.34,25.706,34.133,416.15,432.97,9.2379,0.017411,vapor
17,283.75,0.0012789,0.00054257,1843.1,43.047,45.404,160.07,25.716,34.145,416.60,424.73,9.2566,0.017452,vapor
18,284.38,0.0013330,0.00056431,1772.1,43.062,45.425,159.79,25.726,34.158,417.04,416.67,9.2753,0.017494,vapor
19,285.00,0.0013892,0.00058681,1704.1,43.078,45.445,159.52,25.736,34.170,417.48,408.80,9.2941,0.017535,vapor
20,285.62,0.0014474,0.00061008,1639.1,43.093,45.466,159.25,25.746,34.182,417.92,401.09,9.3130,0.017577,vapor
21,286.25,0.0015077,0.00063415,1576.9,43.109,45.486,158.99,25.756,34.194,418.36,393.56,9.3319,0.017619,vapor
22,286.87,0.0015703,0.00065904,1517.4,43.124,45.507,158.72,25.766,34.207,418.79,386.20,9.3508,0.017661,vapor
23,287.49,0.0016351,0.00068477,1460.3,43.139,45.527,158.46,25.776,34.219,419.23,379.00,9.3698,0.017703,vapor
24,288.12,0.0017022,0.00071137,1405.7,43.155,45.548,158.19,25.786,34.232,419.67,371.96,9.3888,0.017745,vapor
25,288.74,0.0017718,0.00073886,1353.4,43.170,45.568,157.93,25.796,34.245,420.11,365.08,9.4079,0.017787,vapor
26,289.36,0.0018438,0.00076727,1303.3,43.185,45.588,157.67,25.806,34.257,420.54,358.36,9.4270,0.017829,vapor
27,289.99,0.0019184,0.00079663,1255.3,43.201,45.609,157.41,25.816,34.270,420.98,351.78,9.4462,0.017871,vapor
28,290.61,0.0019957,0.00082695,1209.3,43.216,45.629,157.15,25.826,34.283,421.41,345.35,9.4654,0.017914,vapor
29,291.23,0.0020756,0.00085826,1165.1,43.231,45.650,156.90,25.836,34.295,421.85,339.07,9.4846,0.017956,vapor
30,291.86,0.0021584,0.00089060,1122.8,43.247,45.670,156.64,25.846,34.308,422.28,332.93,9.5039,0.017999,vapor
31,292.48,0.0022440,0.00092398,1082.3,43.262,45.691,156.39,25.857,34.321,422.71,326.93,9.5232,0.018041,vapor
32,293.10,0.0023326,0.00095845,1043.4,43.277,45.711,156.14,25.867,34.334,423.15,321.06,9.5426,0.018084,vapor
33,293.73,0.0024242,0.00099401,1006.0,43.293,45.731,155.89,25.877,34.347,423.58,315.33,9.5620,0.018127,vapor
34,294.35,0.0025189,0.0010307,970.20,43.308,45.752,155.64,25.888,34.361,424.01,309.72,9.5815,0.018170,vapor
35,294.97,0.0026169,0.0010686,935.82,43.323,45.772,155.39,25.898,34.374,424.44,304.25,9.6010,0.018213,vapor
36,295.60,0.0027182,0.0011076,902.82,43.339,45.793,155.15,25.908,34.387,424.87,298.89,9.6205,0.018256,vapor
37,296.22,0.0028229,0.0011479,871.14,43.354,45.813,154.90,25.919,34.400,425.30,293.66,9.6401,0.018299,vapor
38,296.84,0.0029311,0.0011895,840.71,43.369,45.833,154.66,25.929,34.414,425.73,288.54,9.6597,0.018342,vapor
39,297.47,0.0030429,0.0012323,811.49,43.384,45.854,154.41,25.939,34.427,426.16,283.54,9.6793,0.018386,vapor
40,298.09,0.0031584,0.0012765,783.42,43.400,45.874,154.17,25.950,34.441,426.58,278.66,9.6990,0.018429,vapor
41,298.71,0.0032778,0.0013220,756.45,43.415,45.894,153.93,25.960,34.454,427.01,273.88,9.7187,0.018473,vapor
42,299.34,0.0034010,0.0013689,730.53,43.430,45.915,153.70,25.971,34.468,427.44,269.21,9.7385,0.018516,vapor
43,299.96,0.0035282,0.0014172,705.62,43.445,45.935,153.46,25.982,34.482,427.86,264.65,9.7583,0.018560,vapor
44,300.58,0.0036596,0.0014670,681.67,43.461,45.955,153.22,25.992,34.496,428.29,260.19,9.7781,0.018604,vapor
45,301.21,0.0037952,0.0015183,658.65,43.476,45.976,152.99,26.003,34.509,428.71,255.83,9.7980,0.018648,vapor
46,301.83,0.0039352,0.0015711,636.51,43.491,45.996,152.76,26.014,34.523,429.13,251.57,9.8179,0.018692,vapor
47,302.45,0.0040797,0.0016255,615.21,43.506,46.016,152.52,26.024,34.538,429.56,247.40,9.8378,0.018736,vapor
48,303.07,0.0042287,0.0016814,594.73,43.521,46.036,152.29,26.035,34.552,429.98,243.33,9.8577,0.018780,vapor
49,303.70,0.0043824,0.0017391,575.02,43.537,46.057,152.06,26.046,34.566,430.40,239.35,9.8777,0.018825,vapor
50,304.32,0.0045410,0.0017984,556.05,43.552,46.077,151.83,26.057,34.580,430.82,235.46,9.8978,0.018869,vapor
51,304.94,0.0047046,0.0018594,537.79,43.567,46.097,151.61,26.068,34.595,431.24,231.65,9.9178,0.018914,vapor
52,305.57,0.0048732,0.0019223,520.22,43.582,46.117,151.38,26.079,34.609,431.66,227.93,9.9379,0.018958,vapor
53,306.19,0.0050470,0.0019869,503.30,43.597,46.138,151.16,26.090,34.624,432.08,224.29,9.9581,0.019003,vapor
54,306.81,0.0052262,0.0020534,487.01,43.613,46.158,150.93,26.101,34.639,432.50,220.73,9.9782,0.019048,vapor
55,307.44,0.0054109,0.0021217,471.32,43.628,46.178,150.71,26.112,34.654,432.92,217.26,9.9984,0.019093,vapor
56,308.06,0.0056013,0.0021920,456.20,43.643,46.198,150.49,26.123,34.669,433.33,213.85,10.019,0.019138,vapor
57,308.68,0.0057974,0.0022643,441.64,43.658,46.218,150.27,26.134,34.684,433.75,210.53,10.039,0.019183,vapor
58,309.31,0.0059994,0.0023386,427.60,43.673,46.238,150.05,26.146,34.699,434.17,207.28,10.059,0.019228,vapor
59,309.93,0.0062075,0.0024150,414.08,43.688,46.259,149.83,26.157,34.714,434.58,204.09,10.079,0.019273,vapor
60,310.55,0.0064218,0.0024935,401.04,43.703,46.279,149.62,26.168,34.730,434.99,200.98,10.100,0.019319,vapor
61,311.18,0.0066425,0.0025742,388.48,43.718,46.299,149.40,26.180,34.745,435.41,197.94,10.120,0.019364,vapor
62,311.80,0.0068697,0.0026570,376.36,43.734,46.319,149.19,26.191,34.761,435.82,194.96,10.141,0.019410,vapor
63,312.42,0.0071036,0.0027422,364.67,43.749,46.339,148.97,26.203,34.776,436.23,192.05,10.161,0.019456,vapor
64,313.05,0.0073443,0.0028296,353.40,43.764,46.359,148.76,26.215,34.792,436.64,189.20,10.181,0.019502,vapor
65,313.67,0.0075920,0.0029194,342.53,43.779,46.379,148.55,26.226,34.808,437.05,186.41,10.202,0.019548,vapor
66,314.29,0.0078470,0.0030117,332.04,43.794,46.399,148.34,26.238,34.825,437.46,183.68,10.222,0.019594,vapor
67,314.92,0.0081092,0.0031064,321.92,43.809,46.419,148.13,26.250,34.841,437.87,181.01,10.243,0.019640,vapor
68,315.54,0.0083790,0.0032036,312.15,43.824,46.439,147.92,26.262,34.857,438.28,178.40,10.264,0.019686,vapor
69,316.16,0.0086565,0.0033034,302.72,43.839,46.459,147.72,26.274,34.874,438.69,175.84,10.284,0.019733,vapor
70,316.79,0.0089419,0.0034058,293.62,43.854,46.479,147.51,26.286,34.891,439.10,173.34,10.305,0.019779,vapor
71,317.41,0.0092354,0.0035109,284.83,43.869,46.499,147.31,26.299,34.908,439.50,170.89,10.325,0.019826,vapor
72,318.03,0.0095371,0.0036187,276.34,43.884,46.519,147.10,26.311,34.925,439.91,168.50,10.346,0.019873,vapor
73,318.66,0.0098472,0.0037294,268.14,43.899,46.539,146.90,26.323,34.942,440.31,166.15,10.367,0.019919,vapor
74,319.28,0.010166,0.0038429,260.22,43.914,46.559,146.70,26.336,34.959,440.72,163.85,10.387,0.019966,vapor
75,319.90,0.010494,0.0039592,252.57,43.929,46.579,146.50,26.348,34.977,441.12,161.60,10.408,0.020014,vapor
76,320.53,0.010830,0.0040786,245.18,43.944,46.599,146.30,26.361,34.995,441.52,159.40,10.429,0.020061,vapor
77,321.15,0.011176,0.0042010,238.04,43.959,46.619,146.10,26.374,35.013,441.92,157.24,10.450,0.020108,vapor
78,321.77,0.011532,0.0043265,231.13,43.974,46.639,145.90,26.387,35.031,442.33,155.13,10.470,0.020155,vapor
79,322.39,0.011896,0.0044552,224.46,43.988,46.659,145.71,26.400,35.049,442.73,153.06,10.491,0.020203,vapor
80,323.02,0.012271,0.0045870,218.01,44.003,46.679,145.51,26.413,35.067,443.12,151.03,10.512,0.020251,vapor
81,323.64,0.012656,0.0047222,211.77,44.018,46.698,145.32,26.426,35.086,443.52,149.05,10.533,0.020298,vapor
82,324.26,0.013052,0.0048607,205.73,44.033,46.718,145.12,26.440,35.105,443.92,147.10,10.554,0.020346,vapor
83,324.89,0.013457,0.0050026,199.90,44.048,46.738,144.93,26.453,35.124,444.32,145.19,10.575,0.020394,vapor
84,325.51,0.013874,0.0051480,194.25,44.063,46.758,144.74,26.467,35.143,444.71,143.33,10.596,0.020443,vapor
85,326.13,0.014301,0.0052969,188.79,44.078,46.778,144.55,26.480,35.162,445.11,141.50,10.617,0.020491,vapor
86,326.76,0.014740,0.0054495,183.50,44.092,46.797,144.36,26.494,35.182,445.50,139.70,10.637,0.020539,vapor
87,327.38,0.015190,0.0056057,178.39,44.107,46.817,144.17,26.508,35.202,445.90,137.94,10.658,0.020588,vapor
88,328.00,0.015652,0.0057657,173.44,44.122,46.837,143.98,26.522,35.222,446.29,136.22,10.679,0.020636,vapor
89,328.63,0.016126,0.0059295,168.65,44.137,46.856,143.80,26.536,35.242,446.68,134.53,10.700,0.020685,vapor
90,329.25,0.016612,0.0060972,164.01,44.152,46.876,143.61,26.551,35.262,447.07,132.87,10.722,0.020734,vapor
91,329.87,0.017111,0.0062689,159.52,44.166,46.896,143.43,26.565,35.283,447.46,131.25,10.743,0.020783,vapor
92,330.50,0.017622,0.0064446,155.17,44.181,46.915,143.24,26.580,35.304,447.85,129.66,10.764,0.020832,vapor
93,331.12,0.018146,0.0066245,150.96,44.196,46.935,143.06,26.595,35.325,448.24,128.09,10.785,0.020882,vapor
94,331.74,0.018683,0.0068085,146.88,44.211,46.955,142.88,26.609,35.346,448.63,126.56,10.806,0.020931,vapor
95,332.37,0.019234,0.0069968,142.92,44.225,46.974,142.69,26.624,35.368,449.02,125.06,10.827,0.020981,vapor
96,332.99,0.019799,0.0071895,139.09,44.240,46.994,142.51,26.640,35.390,449.40,123.58,10.848,0.021030,vapor
97,333.61,0.020378,0.0073865,135.38,44.255,47.013,142.33,26.655,35.412,449.79,122.14,10.869,0.021080,vapor
98,334.24,0.020971,0.0075881,131.78,44.269,47.033,142.16,26.670,35.434,450.17,120.72,10.890,0.021130,vapor
99,334.86,0.021579,0.0077943,128.30,44.284,47.052,141.98,26.686,35.457,450.56,119.32,10.912,0.021180,vapor
100,335.48,0.022201,0.0080052,124.92,44.299,47.072,141.80,26.702,35.480,450.94,117.96,10.933,0.021230,vapor
101,336.11,0.022839,0.0082208,121.64,44.313,47.091,141.62,26.718,35.503,451.32,116.62,10.954,0.021281,vapor
102,336.73,0.023492,0.0084412,118.47,44.328,47.111,141.45,26.734,35.526,451.70,115.30,10.975,0.021331,vapor
103,337.35,0.024162,0.0086666,115.39,44.342,47.130,141.27,26.750,35.550,452.08,114.01,10.996,0.021382,vapor
104,337.98,0.024847,0.0088969,112.40,44.357,47.150,141.10,26.766,35.573,452.46,112.74,11.018,0.021433,vapor
105,338.60,0.025549,0.0091324,109.50,44.371,47.169,140.93,26.783,35.598,452.84,111.49,11.039,0.021484,vapor
106,339.22,0.026267,0.0093730,106.69,44.386,47.188,140.76,26.800,35.622,453.21,110.27,11.060,0.021535,vapor
107,339.85,0.027003,0.0096189,103.96,44.400,47.208,140.58,26.817,35.647,453.59,109.06,11.082,0.021586,vapor
108,340.47,0.027755,0.0098702,101.32,44.415,47.227,140.41,26.834,35.672,453.97,107.88,11.103,0.021637,vapor
109,341.09,0.028526,0.010127,98.747,44.429,47.246,140.24,26.851,35.697,454.34,106.72,11.124,0.021689,vapor
110,341.71,0.029315,0.010389,96.254,44.444,47.266,140.08,26.868,35.722,454.71,105.59,11.146,0.021741,vapor
111,342.34,0.030122,0.010657,93.835,44.458,47.285,139.91,26.886,35.748,455.09,104.47,11.167,0.021792,vapor
112,342.96,0.030947,0.010931,91.486,44.473,47.304,139.74,26.904,35.774,455.46,103.37,11.188,0.021844,vapor
113,343.58,0.031792,0.011210,89.206,44.487,47.323,139.57,26.922,35.801,455.83,102.29,11.210,0.021897,vapor
114,344.21,0.032656,0.011495,86.991,44.502,47.342,139.41,26.940,35.827,456.20,101.23,11.231,0.021949,vapor
115,344.83,0.033540,0.011787,84.841,44.516,47.362,139.24,26.958,35.854,456.57,100.18,11.252,0.022001,vapor
116,345.45,0.034444,0.012084,82.752,44.530,47.381,139.08,26.977,35.882,456.93,99.156,11.274,0.022054,vapor
117,346.08,0.035369,0.012388,80.724,44.545,47.400,138.92,26.995,35.909,457.30,98.148,11.295,0.022107,vapor
118,346.70,0.036314,0.012698,78.753,44.559,47.419,138.75,27.014,35.937,457.67,97.156,11.317,0.022160,vapor
119,347.32,0.037281,0.013014,76.838,44.573,47.438,138.59,27.033,35.966,458.03,96.182,11.338,0.022213,vapor
120,347.95,0.038269,0.013337,74.978,44.588,47.457,138.43,27.053,35.994,458.39,95.224,11.360,0.022266,vapor
121,348.57,0.039279,0.013667,73.170,44.602,47.476,138.27,27.072,36.023,458.76,94.281,11.381,0.022319,vapor
122,349.19,0.040312,0.014003,71.413,44.616,47.495,138.11,27.092,36.052,459.12,93.354,11.402,0.022373,vapor
123,349.82,0.041367,0.014346,69.705,44.630,47.514,137.95,27.112,36.082,459.48,92.443,11.424,0.022427,vapor
124,350.44,0.042446,0.014696,68.045,44.644,47.533,137.79,27.132,36.112,459.84,91.546,11.445,0.022480,vapor
125,351.06,0.043548,0.015053,66.431,44.659,47.552,137.64,27.152,36.142,460.20,90.664,11.467,0.022535,vapor
126,351.69,0.044674,0.015417,64.862,44.673,47.570,137.48,27.173,36.173,460.55,89.796,11.488,0.022589,vapor
127,352.31,0.045824,0.015789,63.336,44.687,47.589,137.32,27.194,36.204,460.91,88.942,11.510,0.022643,vapor
128,352.93,0.046999,0.016168,61.852,44.701,47.608,137.17,27.215,36.235,461.27,88.102,11.531,0.022698,vapor
129,353.56,0.048200,0.016554,60.409,44.715,47.627,137.01,27.236,36.267,461.62,87.275,11.553,0.022753,vapor
130,354.18,0.049426,0.016948,59.005,44.729,47.646,136.86,27.257,36.299,461.97,86.461,11.574,0.022807,vapor
131,354.80,0.050678,0.017349,57.639,44.743,47.664,136.71,27.279,36.332,462.33,85.660,11.596,0.022863,vapor
132,355.43,0.051956,0.017759,56.310,44.757,47.683,136.56,27.301,36.364,462.68,84.871,11.618,0.022918,vapor
133,356.05,0.053262,0.018176,55.017,44.771,47.702,136.40,27.323,36.398,463.03,84.094,11.639,0.022973,vapor
134,356.67,0.054595,0.018602,53.759,44.785,47.720,136.25,27.345,36.431,463.38,83.330,11.661,0.023029,vapor
135,357.30,0.055956,0.019035,52.534,44.799,47.739,136.10,27.368,36.465,463.72,82.577,11.682,0.023085,vapor
136,357.92,0.057344,0.019477,51.342,44.813,47.757,135.95,27.391,36.500,464.07,81.836,11.704,0.023141,vapor
137,358.54,0.058762,0.019927,50.182,44.827,47.776,135.80,27.414,36.534,464.42,81.106,11.725,0.023197,vapor
138,359.17,0.060209,0.020386,49.053,44.841,47.795,135.65,27.437,36.569,464.76,80.387,11.747,0.023253,vapor
139,359.79,0.061686,0.020854,47.953,44.855,47.813,135.51,27.461,36.605,465.10,79.678,11.769,0.023310,vapor
140,360.41,0.063192,0.021330,46.882,44.869,47.831,135.36,27.484,36.641,465.45,78.981,11.790,0.023367,vapor
141,361.03,0.064730,0.021815,45.840,44.883,47.850,135.21,27.509,36.677,465.79,78.293,11.812,0.023424,vapor
142,361.66,0.066298,0.022309,44.824,44.897,47.868,135.07,27.533,36.714,466.13,77.616,11.833,0.023481,vapor
143,362.28,0.067898,0.022813,43.835,44.910,47.887,134.92,27.557,36.751,466.47,76.948,11.855,0.023538,vapor
144,362.90,0.069530,0.023326,42.872,44.924,47.905,134.78,27.582,36.789,466.81,76.291,11.877,0.023596,vapor
145,363.53,0.071195,0.023848,41.933,44.938,47.923,134.63,27.607,36.827,467.14,75.642,11.898,0.023653,vapor
146,364.15,0.072893,0.024379,41.018,44.952,47.941,134.49,27.633,36.866,467.48,75.003,11.920,0.023711,vapor
147,364.77,0.074624,0.024921,40.127,44.965,47.960,134.35,27.658,36.904,467.81,74.374,11.941,0.023769,vapor
148,365.40,0.076390,0.025472,39.259,44.979,47.978,134.20,27.684,36.944,468.15,73.753,11.963,0.023828,vapor
149,366.02,0.078190,0.026033,38.413,44.993,47.996,134.06,27.710,36.984,468.48,73.140,11.985,0.023886,vapor
150,366.64,0.080025,0.026604,37.588,45.006,48.014,133.92,27.736,37.024,468.81,72.537,12.006,0.023945,vapor
151,367.27,0.081896,0.027185,36.784,45.020,48.032,133.78,27.763,37.065,469.14,71.942,12.028,0.024004,vapor
152,367.89,0.083803,0.027777,36.001,45.033,48.050,133.64,27.790,37.106,469.47,71.355,12.050,0.024063,vapor
153,368.51,0.085747,0.028379,35.237,45.047,48.068,133.50,27.817,37.148,469.80,70.776,12.071,0.024122,vapor
154,369.14,0.087729,0.028992,34.492,45.060,48.086,133.36,27.845,37.190,470.12,70.205,12.093,0.024182,vapor
155,369.76,0.089748,0.029616,33.765,45.074,48.104,133.23,27.873,37.232,470.45,69.642,12.114,0.024241,vapor
156,370.38,0.091805,0.030251,33.057,45.087,48.122,133.09,27.901,37.275,470.77,69.086,12.136,0.024301,vapor
157,371.01,0.093902,0.030896,32.366,45.101,48.140,132.95,27.929,37.319,471.09,68.538,12.158,0.024362,vapor
158,371.63,0.096038,0.031553,31.692,45.114,48.158,132.82,27.958,37.363,471.42,67.997,12.179,0.024422,vapor
159,372.25,0.098214,0.032221,31.035,45.127,48.176,132.68,27.987,37.408,471.74,67.463,12.201,0.024483,vapor
160,372.88,0.10043,0.032901,30.394,45.141,48.193,132.55,28.016,37.453,472.06,66.937,12.223,0.024543,vapor
161,373.50,0.10269,0.033593,29.768,45.154,48.211,132.41,28.045,37.498,472.37,66.417,12.244,0.024605,vapor
162,374.12,0.10499,0.034296,29.158,45.167,48.229,132.28,28.075,37.544,472.69,65.904,12.266,0.024666,vapor
163,374.75,0.10733,0.035011,28.562,45.181,48.246,132.14,28.105,37.591,473.01,65.397,12.288,0.024727,vapor
164,375.37,0.10972,0.035738,27.981,45.194,48.264,132.01,28.136,37.638,473.32,64.897,12.309,0.024789,vapor
165,375.99,0.11215,0.036478,27.414,45.207,48.282,131.88,28.166,37.685,473.63,64.404,12.331,0.024851,vapor
166,376.62,0.11462,0.037230,26.860,45.220,48.299,131.75,28.198,37.734,473.94,63.916,12.353,0.024913,vapor
167,377.24,0.11714,0.037994,26.320,45.233,48.316,131.62,28.229,37.782,474.25,63.435,12.374,0.024976,vapor
168,377.86,0.11970,0.038772,25.792,45.247,48.334,131.48,28.261,37.831,474.56,62.960,12.396,0.025038,vapor
169,378.49,0.12231,0.039562,25.277,45.260,48.351,131.35,28.293,37.881,474.87,62.490,12.417,0.025101,vapor
170,379.11,0.12497,0.040365,24.774,45.273,48.369,131.22,28.325,37.931,475.18,62.027,12.439,0.025164,vapor
171,379.73,0.12767,0.041182,24.283,45.286,48.386,131.10,28.358,37.982,475.48,61.569,12.461,0.025228,vapor
172,380.35,0.13043,0.042011,23.803,45.299,48.403,130.97,28.391,38.034,475.79,61.116,12.482,0.025291,vapor
173,380.98,0.13323,0.042855,23.335,45.312,48.420,130.84,28.424,38.086,476.09,60.669,12.504,0.025355,vapor
174,381.60,0.13608,0.043712,22.877,45.325,48.438,130.71,28.457,38.138,476.39,60.228,12.526,0.025419,vapor
175,382.22,0.13898,0.044583,22.430,45.337,48.455,130.58,28.491,38.191,476.69,59.791,12.547,0.025483,vapor
176,382.85,0.14193,0.045468,21.994,45.350,48.472,130.46,28.526,38.245,476.99,59.360,12.569,0.025548,vapor
177,383.47,0.14493,0.046367,21.567,45.363,48.489,130.33,28.560,38.299,477.29,58.934,12.591,0.025613,vapor
178,384.09,0.14799,0.047280,21.151,45.376,48.506,130.21,28.595,38.354,477.58,58.512,12.612,0.025678,vapor
179,384.72,0.15109,0.048208,20.743,45.389,48.523,130.08,28.631,38.409,477.88,58.096,12.634,0.025743,vapor
180,385.34,0.15425,0.049151,20.345,45.401,48.540,129.96,28.666,38.465,478.17,57.684,12.656,0.025809,vapor
181,385.96,0.15747,0.050109,19.957,45.414,48.557,129.83,28.702,38.522,478.46,57.277,12.677,0.025874,vapor
182,386.59,0.16074,0.051081,19.577,45.427,48.574,129.71,28.739,38.579,478.75,56.875,12.699,0.025940,vapor
183,387.21,0.16406,0.052069,19.205,45.440,48.590,129.58,28.775,38.637,479.04,56.477,12.720,0.026007,vapor
184,387.83,0.16744,0.053073,18.842,45.452,48.607,129.46,28.812,38.695,479.33,56.084,12.742,0.026073,vapor
185,388.46,0.17088,0.054092,18.487,45.465,48.624,129.34,28.850,38.754,479.62,55.694,12.764,0.026140,vapor
186,389.08,0.17438,0.055126,18.140,45.477,48.640,129.22,28.887,38.814,479.90,55.310,12.785,0.026207,vapor
187,389.70,0.17793,0.056177,17.801,45.490,48.657,129.10,28.926,38.874,480.19,54.929,12.807,0.026274,vapor
188,390.33,0.18155,0.057244,17.469,45.502,48.674,128.98,28.964,38.935,480.47,54.552,12.829,0.026342,vapor
189,390.95,0.18522,0.058327,17.145,45.515,48.690,128.85,29.003,38.996,480.75,54.180,12.850,0.026410,vapor
190,391.57,0.18895,0.059427,16.827,45.527,48.707,128.73,29.042,39.058,481.03,53.811,12.872,0.026478,vapor
191,392.20,0.19275,0.060543,16.517,45.539,48.723,128.62,29.081,39.121,481.31,53.446,12.893,0.026547,vapor
192,392.82,0.19660,0.061676,16.214,45.552,48.739,128.50,29.121,39.185,481.59,53.085,12.915,0.026615,vapor
193,393.44,0.20052,0.062827,15.917,45.564,48.756,128.38,29.162,39.249,481.86,52.728,12.937,0.026684,vapor
194,394.07,0.20451,0.063994,15.626,45.576,48.772,128.26,29.202,39.313,482.14,52.375,12.958,0.026753,vapor
195,394.69,0.20855,0.065179,15.342,45.588,48.788,128.14,29.243,39.379,482.41,52.025,12.980,0.026823,vapor
196,395.31,0.21267,0.066382,15.064,45.601,48.804,128.02,29.285,39.445,482.68,51.679,13.001,0.026893,vapor
197,395.94,0.21685,0.067603,14.792,45.613,48.820,127.91,29.326,39.512,482.95,51.336,13.023,0.026963,vapor
198,396.56,0.22109,0.068841,14.526,45.625,48.836,127.79,29.369,39.579,483.22,50.996,13.045,0.027033,vapor
199,397.18,0.22540,0.070098,14.266,45.637,48.852,127.67,29.411,39.647,483.48,50.660,13.066,0.027104,vapor
200,397.81,0.22979,0.071373,14.011,45.649,48.868,127.56,29.454,39.716,483.75,50.327,13.088,0.027175,vapor
201,398.43,0.23424,0.072667,13.761,45.661,48.884,127.44,29.497,39.785,484.01,49.998,13.109,0.027246,vapor
202,399.05,0.23876,0.073980,13.517,45.673,48.900,127.33,29.541,39.855,484.28,49.672,13.131,0.027317,vapor
203,399.68,0.24335,0.075312,13.278,45.685,48.916,127.21,29.585,39.926,484.54,49.348,13.152,0.027389,vapor
204,400.30,0.24801,0.076663,13.044,45.697,48.932,127.10,29.629,39.998,484.80,49.028,13.174,0.027461,vapor
205,400.92,0.25274,0.078033,12.815,45.708,48.947,126.99,29.674,40.070,485.06,48.711,13.196,0.027534,vapor
206,401.54,0.25755,0.079423,12.591,45.720,48.963,126.87,29.719,40.143,485.31,48.397,13.217,0.027606,vapor
207,402.17,0.26243,0.080833,12.371,45.732,48.979,126.76,29.765,40.216,485.57,48.086,13.239,0.027679,vapor
208,402.79,0.26739,0.082263,12.156,45.744,48.994,126.65,29.810,40.291,485.82,47.778,13.260,0.027752,vapor
209,403.41,0.27242,0.083714,11.945,45.755,49.010,126.54,29.857,40.366,486.07,47.472,13.282,0.027826,vapor
210,404.04,0.27753,0.085185,11.739,45.767,49.025,126.42,29.903,40.441,486.32,47.169,13.303,0.027900,vapor
211,404.66,0.28272,0.086676,11.537,45.779,49.040,126.31,29.951,40.518,486.57,46.869,13.325,0.027974,vapor
212,405.28,0.28799,0.088189,11.339,45.790,49.056,126.20,29.998,40.595,486.82,46.572,13.346,0.028049,vapor
213,405.91,0.29333,0.089722,11.145,45.802,49.071,126.09,30.046,40.673,487.07,46.277,13.368,0.028123,vapor
214,406.53,0.29875,0.091277,10.956,45.813,49.086,125.98,30.094,40.751,487.31,45.985,13.389,0.028198,vapor
215,407.15,0.30426,0.092854,10.770,45.824,49.101,125.87,30.143,40.831,487.56,45.696,13.411,0.028274,vapor
216,407.78,0.30985,0.094452,10.587,45.836,49.116,125.76,30.192,40.911,487.80,45.409,13.432,0.028350,vapor
217,408.40,0.31552,0.096073,10.409,45.847,49.131,125.65,30.241,40.992,488.04,45.124,13.454,0.028426,vapor
218,409.02,0.32127,0.097716,10.234,45.858,49.146,125.54,30.291,41.073,488.28,44.842,13.475,0.028502,vapor
219,409.65,0.32711,0.099381,10.062,45.870,49.161,125.44,30.341,41.156,488.51,44.563,13.497,0.028579,vapor
220,410.27,0.33303,0.10107,9.8942,45.881,49.176,125.33,30.391,41.239,488.75,44.285,13.518,0.028656,vapor
221,410.89,0.33904,0.10278,9.7295,45.892,49.191,125.22,30.442,41.322,488.98,44.010,13.540,0.028733,vapor
222,411.52,0.34514,0.10451,9.5681,45.903,49.205,125.11,30.494,41.407,489.21,43.738,13.561,0.028810,vapor
223,412.14,0.35132,0.10627,9.4099,45.914,49.220,125.01,30.545,41.492,489.45,43.467,13.583,0.028888,vapor
224,412.76,0.35760,0.10805,9.2548,45.925,49.235,124.90,30.597,41.578,489.68,43.199,13.604,0.028967,vapor
225,413.39,0.36396,0.10986,9.1027,45.936,49.249,124.79,30.650,41.665,489.90,42.933,13.626,0.029045,vapor
226,414.01,0.37041,0.11169,8.9536,45.947,49.264,124.69,30.703,41.753,490.13,42.669,13.647,0.029124,vapor
227,414.63,0.37696,0.11354,8.8075,45.958,49.278,124.58,30.756,41.841,490.35,42.407,13.669,0.029204,vapor
228,415.26,0.38360,0.11542,8.6642,45.969,49.292,124.48,30.810,41.930,490.58,42.148,13.690,0.029283,vapor
229,415.88,0.39034,0.11732,8.5236,45.980,49.307,124.37,30.864,42.020,490.80,41.890,13.712,0.029363,vapor
230,416.50,0.39716,0.11925,8.3858,45.990,49.321,124.27,30.918,42.111,491.02,41.635,13.733,0.029443,vapor
231,417.13,0.40409,0.12120,8.2507,46.001,49.335,124.16,30.973,42.202,491.24,41.381,13.754,0.029524,vapor
232,417.75,0.41111,0.12318,8.1181,46.012,49.349,124.06,31.028,42.294,491.45,41.130,13.776,0.029605,vapor
233,418.37,0.41823,0.12519,7.9881,46.022,49.363,123.96,31.083,42.387,491.67,40.880,13.797,0.029686,vapor
234,419.00,0.42545,0.12722,7.8606,46.033,49.377,123.85,31.139,42.481,491.88,40.632,13.819,0.029768,vapor
235,419.62,0.43276,0.12927,7.7355,46.043,49.391,123.75,31.195,42.576,492.09,40.386,13.840,0.029850,vapor
236,420.24,0.44018,0.13136,7.6128,46.054,49.405,123.65,31.252,42.671,492.30,40.142,13.861,0.029932,vapor
237,420.86,0.44770,0.13347,7.4925,46.064,49.419,123.54,31.309,42.767,492.51,39.900,13.883,0.030015,vapor
238,421.49,0.45533,0.13560,7.3744,46.075,49.432,123.44,31.367,42.864,492.72,39.660,13.904,0.030098,vapor
239,422.11,0.46305,0.13777,7.2585,46.085,49.446,123.34,31.424,42.962,492.93,39.422,13.926,0.030182,vapor
240,422.73,0.47088,0.13996,7.1448,46.095,49.460,123.24,31.482,43.061,493.13,39.185,13.947,0.030265,vapor
241,423.36,0.47882,0.14218,7.0332,46.105,49.473,123.14,31.541,43.160,493.33,38.950,13.968,0.030350,vapor
242,423.98,0.48686,0.14443,6.9237,46.116,49.487,123.04,31.600,43.260,493.53,38.717,13.990,0.030434,vapor
243,424.60,0.49502,0.14671,6.8163,46.126,49.500,122.94,31.659,43.361,493.73,38.485,14.011,0.030519,vapor
244,425.23,0.50328,0.14901,6.7108,46.136,49.513,122.84,31.719,43.463,493.93,38.256,14.032,0.030604,vapor
245,425.85,0.51165,0.15135,6.6073,46.146,49.526,122.74,31.779,43.565,494.12,38.028,14.054,0.030690,vapor
246,426.47,0.52013,0.15371,6.5057,46.156,49.540,122.64,31.839,43.669,494.32,37.801,14.075,0.030776,vapor
247,427.10,0.52872,0.15610,6.4059,46.166,49.553,122.54,31.900,43.773,494.51,37.576,14.097,0.030862,vapor
248,427.72,0.53743,0.15853,6.3080,46.176,49.566,122.44,31.961,43.878,494.70,37.353,14.118,0.030949,vapor
249,428.34,0.54625,0.16098,6.2119,46.185,49.579,122.34,32.022,43.983,494.89,37.131,14.139,0.031036,vapor
250,428.97,0.55519,0.16346,6.1176,46.195,49.591,122.24,32.084,44.090,495.08,36.911,14.161,0.031123,vapor
251,429.59,0.56424,0.16598,6.0249,46.205,49.604,122.14,32.146,44.197,495.26,36.693,14.182,0.031211,vapor
252,430.21,0.57341,0.16852,5.9339,46.214,49.617,122.05,32.209,44.306,495.45,36.476,14.203,0.031300,vapor
253,430.84,0.58270,0.17110,5.8446,46.224,49.630,121.95,32.271,44.415,495.63,36.260,14.224,0.031388,vapor
254,431.46,0.59211,0.17371,5.7569,46.234,49.642,121.85,32.335,44.525,495.81,36.047,14.246,0.031477,vapor
255,432.08,0.60163,0.17634,5.6707,46.243,49.655,121.75,32.398,44.635,495.99,35.834,14.267,0.031567,vapor
256,432.71,0.61128,0.17902,5.5861,46.253,49.667,121.66,32.462,44.747,496.17,35.623,14.288,0.031656,vapor
257,433.33,0.62106,0.18172,5.5030,46.262,49.680,121.56,32.526,44.859,496.34,35.414,14.310,0.031747,vapor
258,433.95,0.63096,0.18445,5.4214,46.271,49.692,121.46,32.591,44.972,496.52,35.206,14.331,0.031837,vapor
259,434.58,0.64098,0.18722,5.3412,46.281,49.704,121.37,32.656,45.086,496.69,34.999,14.352,0.031928,vapor
260,435.20,0.65113,0.19003,5.2625,46.290,49.716,121.27,32.721,45.201,496.86,34.794,14.374,0.032019,vapor
261,435.82,0.66140,0.19286,5.1851,46.299,49.728,121.18,32.786,45.317,497.03,34.590,14.395,0.032111,vapor
262,436.45,0.67181,0.19573,5.1091,46.308,49.740,121.08,32.852,45.433,497.20,34.388,14.416,0.032203,vapor
263,437.07,0.68234,0.19863,5.0344,46.317,49.752,120.99,32.918,45.550,497.36,34.187,14.437,0.032296,vapor
264,437.69,0.69301,0.20157,4.9610,46.326,49.764,120.89,32.985,45.669,497.53,33.987,14.459,0.032389,vapor
265,438.32,0.70381,0.20454,4.8889,46.335,49.776,120.80,33.052,45.788,497.69,33.789,14.480,0.032482,vapor
266,438.94,0.71474,0.20755,4.8181,46.344,49.788,120.70,33.119,45.907,497.85,33.592,14.501,0.032576,vapor
267,439.56,0.72580,0.21059,4.7485,46.353,49.799,120.61,33.186,46.028,498.01,33.396,14.522,0.032670,vapor
268,440.18,0.73700,0.21367,4.6801,46.361,49.811,120.51,33.254,46.150,498.17,33.202,14.544,0.032765,vapor
269,440.81,0.74834,0.21679,4.6128,46.370,49.822,120.42,33.322,46.272,498.32,33.009,14.565,0.032860,vapor
270,441.43,0.75982,0.21994,4.5468,46.379,49.834,120.33,33.391,46.395,498.48,32.817,14.586,0.032956,vapor
271,442.05,0.77143,0.22312,4.4818,46.387,49.845,120.23,33.459,46.519,498.63,32.627,14.607,0.033051,vapor
272,442.68,0.78318,0.22635,4.4180,46.396,49.856,120.14,33.529,46.644,498.78,32.437,14.629,0.033148,vapor
273,443.30,0.79508,0.22961,4.3552,46.404,49.867,120.05,33.598,46.770,498.93,32.250,14.650,0.033244,vapor
274,443.92,0.80712,0.23291,4.2935,46.413,49.878,119.96,33.668,46.897,499.07,32.063,14.671,0.033342,vapor
275,444.55,0.81930,0.23625,4.2329,46.421,49.889,119.86,33.737,47.024,499.22,31.878,14.692,0.033439,vapor
276,445.17,0.83163,0.23962,4.1733,46.430,49.900,119.77,33.808,47.153,499.36,31.693,14.714,0.033537,vapor
277,445.79,0.84410,0.24303,4.1147,46.438,49.911,119.68,33.878,47.282,499.50,31.510,14.735,0.033636,vapor
278,446.42,0.85672,0.24649,4.0570,46.446,49.922,119.59,33.949,47.412,499.64,31.329,14.756,0.033735,vapor
279,447.04,0.86949,0.24998,4.0003,46.454,49.932,119.50,34.020,47.543,499.78,31.148,14.777,0.033834,vapor
280,447.66,0.88241,0.25351,3.9446,46.462,49.943,119.41,34.092,47.675,499.92,30.969,14.798,0.033934,vapor
281,448.29,0.89548,0.25708,3.8898,46.470,49.953,119.32,34.163,47.808,500.05,30.791,14.820,0.034034,vapor
282,448.91,0.90871,0.26069,3.8359,46.478,49.964,119.22,34.235,47.941,500.18,30.614,14.841,0.034135,vapor
283,449.53,0.92208,0.26434,3.7829,46.486,49.974,119.13,34.308,48.076,500.32,30.438,14.862,0.034236,vapor
284,450.16,0.93561,0.26804,3.7308,46.494,49.984,119.04,34.380,48.211,500.44,30.263,14.883,0.034337,vapor
285,450.78,0.94930,0.27177,3.6796,46.501,49.994,118.95,34.453,48.347,500.57,30.090,14.905,0.034440,vapor
286,451.40,0.96315,0.27555,3.6291,46.509,50.005,118.86,34.526,48.484,500.70,29.918,14.926,0.034542,vapor
287,452.03,0.97715,0.27937,3.5795,46.517,50.014,118.77,34.599,48.622,500.82,29.746,14.947,0.034645,vapor
288,452.65,0.99131,0.28323,3.5307,46.524,50.024,118.69,34.673,48.761,500.94,29.576,14.968,0.034748,vapor
289,453.27,1.0056,0.28713,3.4827,46.532,50.034,118.60,34.747,48.901,501.06,29.407,14.989,0.034852,vapor
290,453.90,1.0201,0.29108,3.4355,46.539,50.044,118.51,34.821,49.042,501.18,29.239,15.011,0.034957,vapor
291,454.52,1.0348,0.29507,3.3891,46.547,50.054,118.42,34.895,49.183,501.30,29.073,15.032,0.035062,vapor
292,455.14,1.0496,0.29910,3.3434,46.554,50.063,118.33,34.970,49.326,501.41,28.907,15.053,0.035167,vapor
293,455.77,1.0646,0.30318,3.2984,46.561,50.073,118.24,35.045,49.469,501.53,28.743,15.074,0.035273,vapor
294,456.39,1.0797,0.30730,3.2541,46.568,50.082,118.15,35.120,49.614,501.64,28.579,15.095,0.035379,vapor
295,457.01,1.0950,0.31147,3.2106,46.575,50.091,118.06,35.196,49.759,501.75,28.417,15.117,0.035486,vapor
296,457.64,1.1105,0.31568,3.1678,46.582,50.100,117.98,35.271,49.905,501.85,28.255,15.138,0.035593,vapor
297,458.26,1.1262,0.31994,3.1256,46.589,50.109,117.89,35.347,50.052,501.96,28.095,15.159,0.035701,vapor
298,458.88,1.1420,0.32424,3.0841,46.596,50.118,117.80,35.423,50.201,502.06,27.936,15.180,0.035809,vapor
299,459.50,1.1580,0.32860,3.0433,46.603,50.127,117.71,35.500,50.350,502.17,27.778,15.201,0.035917,vapor
300,460.13,1.1742,0.33299,3.0031,46.610,50.136,117.63,35.576,50.500,502.27,27.621,15.223,0.036027,vapor
301,460.75,1.1906,0.33744,2.9635,46.617,50.145,117.54,35.653,50.650,502.36,27.464,15.244,0.036136,vapor
302,461.37,1.2071,0.34193,2.9245,46.623,50.154,117.45,35.730,50.802,502.46,27.309,15.265,0.036247,vapor
303,462.00,1.2238,0.34647,2.8862,46.630,50.162,117.37,35.808,50.955,502.55,27.155,15.286,0.036357,vapor
304,462.62,1.2407,0.35106,2.8485,46.636,50.171,117.28,35.885,51.109,502.65,27.002,15.307,0.036468,vapor
305,463.24,1.2578,0.35570,2.8113,46.643,50.179,117.19,35.963,51.264,502.74,26.850,15.329,0.036580,vapor
306,463.87,1.2751,0.36039,2.7748,46.649,50.187,117.11,36.041,51.419,502.83,26.699,15.350,0.036692,vapor
307,464.49,1.2925,0.36513,2.7387,46.655,50.195,117.02,36.119,51.576,502.91,26.549,15.371,0.036805,vapor
308,465.11,1.3102,0.36992,2.7033,46.662,50.203,116.93,36.198,51.734,503.00,26.400,15.392,0.036918,vapor
309,465.74,1.3280,0.37476,2.6684,46.668,50.211,116.85,36.277,51.892,503.08,26.252,15.413,0.037032,vapor
310,466.36,1.3460,0.37965,2.6340,46.674,50.219,116.76,36.356,52.052,503.16,26.105,15.435,0.037146,vapor
311,466.98,1.3642,0.38459,2.6002,46.680,50.227,116.68,36.435,52.213,503.24,25.959,15.456,0.037261,vapor
312,467.61,1.3826,0.38958,2.5668,46.686,50.235,116.59,36.514,52.374,503.32,25.814,15.477,0.037377,vapor
313,468.23,1.4012,0.39463,2.5340,46.692,50.242,116.51,36.594,52.537,503.40,25.669,15.498,0.037492,vapor
314,468.85,1.4200,0.39973,2.5017,46.697,50.250,116.42,36.674,52.701,503.47,25.526,15.520,0.037609,vapor
315,469.48,1.4390,0.40488,2.4699,46.703,50.257,116.34,36.754,52.865,503.54,25.384,15.541,0.037726,vapor
316,470.10,1.4582,0.41008,2.4385,46.709,50.265,116.25,36.834,53.031,503.61,25.243,15.562,0.037843,vapor
317,470.72,1.4775,0.41534,2.4076,46.714,50.272,116.17,36.914,53.198,503.68,25.102,15.583,0.037961,vapor
318,471.35,1.4971,0.42066,2.3772,46.720,50.279,116.08,36.995,53.366,503.74,24.963,15.605,0.038080,vapor
319,471.97,1.5169,0.42603,2.3473,46.725,50.286,116.00,37.076,53.535,503.81,24.824,15.626,0.038199,vapor
320,472.59,1.5369,0.43145,2.3178,46.731,50.293,115.92,37.157,53.705,503.87,24.686,15.647,0.038319,vapor
321,473.22,1.5571,0.43693,2.2887,46.736,50.299,115.83,37.238,53.876,503.93,24.549,15.669,0.038439,vapor
322,473.84,1.5775,0.44247,2.2600,46.741,50.306,115.75,37.320,54.048,503.99,24.414,15.690,0.038560,vapor
323,474.46,1.5981,0.44806,2.2318,46.746,50.313,115.66,37.402,54.221,504.04,24.279,15.711,0.038681,vapor
324,475.09,1.6189,0.45372,2.2040,46.751,50.319,115.58,37.484,54.395,504.10,24.145,15.732,0.038803,vapor
325,475.71,1.6399,0.45942,2.1766,46.756,50.326,115.50,37.566,54.571,504.15,24.011,15.754,0.038926,vapor
326,476.33,1.6611,0.46519,2.1496,46.761,50.332,115.41,37.648,54.747,504.20,23.879,15.775,0.039049,vapor
327,476.96,1.6826,0.47102,2.1231,46.766,50.338,115.33,37.731,54.925,504.25,23.748,15.796,0.039173,vapor
328,477.58,1.7042,0.47690,2.0969,46.771,50.344,115.25,37.813,55.104,504.29,23.617,15.818,0.039297,vapor
329,478.20,1.7261,0.48285,2.0710,46.775,50.350,115.17,37.896,55.283,504.34,23.487,15.839,0.039422,vapor
330,478.82,1.7482,0.48886,2.0456,46.780,50.356,115.08,37.979,55.464,504.38,23.358,15.860,0.039547,vapor
331,479.45,1.7705,0.49492,2.0205,46.784,50.362,115.00,38.063,55.647,504.42,23.230,15.882,0.039674,vapor
332,480.07,1.7931,0.50105,1.9958,46.789,50.367,114.92,38.146,55.830,504.46,23.103,15.903,0.039800,vapor
333,480.69,1.8158,0.50724,1.9715,46.793,50.373,114.83,38.230,56.015,504.49,22.977,15.924,0.039928,vapor
334,481.32,1.8388,0.51349,1.9474,46.797,50.378,114.75,38.314,56.200,504.53,22.851,15.946,0.040055,vapor
335,481.94,1.8620,0.51981,1.9238,46.801,50.384,114.67,38.398,56.387,504.56,22.727,15.967,0.040184,vapor
336,482.56,1.8854,0.52619,1.9005,46.806,50.389,114.59,38.482,56.576,504.59,22.603,15.989,0.040313,vapor
337,483.19,1.9091,0.53263,1.8775,46.810,50.394,114.51,38.567,56.765,504.62,22.480,16.010,0.040443,vapor
338,483.81,1.9330,0.53914,1.8548,46.813,50.399,114.42,38.652,56.956,504.64,22.358,16.032,0.040573,vapor
339,484.43,1.9571,0.54571,1.8325,46.817,50.404,114.34,38.736,57.148,504.67,22.236,16.053,0.040704,vapor
340,485.06,1.9815,0.55235,1.8105,46.821,50.408,114.26,38.821,57.341,504.69,22.116,16.074,0.040836,vapor
341,485.68,2.0061,0.55905,1.7887,46.825,50.413,114.18,38.907,57.535,504.71,21.996,16.096,0.040968,vapor
342,486.30,2.0309,0.56582,1.7673,46.828,50.418,114.10,38.992,57.731,504.72,21.877,16.117,0.041101,vapor
343,486.93,2.0560,0.57266,1.7462,46.832,50.422,114.02,39.078,57.928,504.74,21.759,16.139,0.041235,vapor
344,487.55,2.0813,0.57956,1.7254,46.835,50.426,113.93,39.164,58.127,504.75,21.641,16.160,0.041369,vapor
345,488.17,2.1068,0.58654,1.7049,46.839,50.431,113.85,39.250,58.326,504.76,21.525,16.182,0.041504,vapor
346,488.80,2.1326,0.59358,1.6847,46.842,50.435,113.77,39.336,58.527,504.77,21.409,16.203,0.041640,vapor
347,489.42,2.1586,0.60069,1.6647,46.845,50.439,113.69,39.423,58.730,504.78,21.294,16.225,0.041776,vapor
348,490.04,2.1849,0.60788,1.6451,46.848,50.442,113.61,39.509,58.933,504.78,21.179,16.247,0.041913,vapor
349,490.67,2.2114,0.61513,1.6257,46.851,50.446,113.53,39.596,59.139,504.78,21.066,16.268,0.042051,vapor
350,491.29,2.2382,0.62246,1.6065,46.854,50.450,113.45,39.683,59.345,504.78,20.953,16.290,0.042189,vapor
351,491.91,2.2652,0.62985,1.5877,46.857,50.453,113.37,39.770,59.553,504.78,20.841,16.311,0.042328,vapor
352,492.54,2.2925,0.63732,1.5691,46.860,50.457,113.29,39.858,59.763,504.78,20.729,16.333,0.042468,vapor
353,493.16,2.3200,0.64486,1.5507,46.862,50.460,113.21,39.945,59.973,504.77,20.618,16.355,0.042608,vapor
354,493.78,2.3478,0.65248,1.5326,46.865,50.463,113.13,40.033,60.186,504.76,20.508,16.376,0.042749,vapor
355,494.41,2.3758,0.66017,1.5148,46.867,50.466,113.05,40.121,60.400,504.75,20.399,16.398,0.042891,vapor
356,495.03,2.4041,0.66794,1.4971,46.870,50.469,112.97,40.209,60.615,504.73,20.291,16.420,0.043034,vapor
357,495.65,2.4326,0.67578,1.4798,46.872,50.472,112.89,40.298,60.832,504.72,20.183,16.442,0.043177,vapor
358,496.28,2.4615,0.68370,1.4626,46.874,50.474,112.81,40.386,61.050,504.70,20.076,16.463,0.043321,vapor
359,496.90,2.4905,0.69169,1.4457,46.876,50.477,112.73,40.475,61.270,504.68,19.970,16.485,0.043466,vapor
360,497.52,2.5199,0.69977,1.4290,46.878,50.479,112.65,40.564,61.492,504.66,19.864,16.507,0.043611,vapor
361,498.14,2.5495,0.70792,1.4126,46.880,50.481,112.57,40.653,61.715,504.63,19.759,16.529,0.043757,vapor
362,498.77,2.5794,0.71615,1.3964,46.882,50.484,112.49,40.743,61.939,504.61,19.655,16.551,0.043904,vapor
363,499.39,2.6095,0.72446,1.3803,46.884,50.486,112.41,40.832,62.166,504.58,19.551,16.572,0.044052,vapor
364,500.01,2.6399,0.73285,1.3645,46.885,50.487,112.33,40.922,62.394,504.55,19.448,16.594,0.044201,vapor
365,500.64,2.6706,0.74132,1.3489,46.887,50.489,112.25,41.012,62.623,504.51,19.346,16.616,0.044350,vapor
366,501.26,2.7016,0.74987,1.3336,46.888,50.491,112.17,41.103,62.855,504.47,19.244,16.638,0.044500,vapor
367,501.88,2.7328,0.75851,1.3184,46.889,50.492,112.09,41.193,63.088,504.44,19.143,16.660,0.044651,vapor
368,502.51,2.7643,0.76723,1.3034,46.891,50.494,112.01,41.284,63.322,504.39,19.043,16.682,0.044803,vapor
369,503.13,2.7961,0.77603,1.2886,46.892,50.495,111.93,41.375,63.559,504.35,18.943,16.704,0.044955,vapor
370,503.75,2.8282,0.78492,1.2740,46.893,50.496,111.85,41.466,63.797,504.31,18.844,16.726,0.045109,vapor
371,504.38,2.8605,0.79389,1.2596,46.894,50.497,111.77,41.557,64.037,504.26,18.746,16.748,0.045263,vapor
372,505.00,2.8932,0.80295,1.2454,46.895,50.498,111.69,41.648,64.279,504.21,18.648,16.770,0.045418,vapor
373,505.62,2.9261,0.81210,1.2314,46.895,50.498,111.61,41.740,64.523,504.15,18.551,16.792,0.045573,vapor
374,506.25,2.9593,0.82133,1.2175,46.896,50.499,111.53,41.832,64.769,504.10,18.454,16.815,0.045730,vapor
375,506.87,2.9928,0.83065,1.2039,46.897,50.499,111.45,41.924,65.017,504.04,18.359,16.837,0.045888,vapor
376,507.49,3.0266,0.84007,1.1904,46.897,50.500,111.37,42.017,65.266,503.98,18.263,16.859,0.046046,vapor
377,508.12,3.0607,0.84957,1.1771,46.897,50.500,111.29,42.109,65.517,503.92,18.169,16.881,0.046205,vapor
378,508.74,3.0951,0.85916,1.1639,46.897,50.500,111.21,42.202,65.771,503.85,18.075,16.904,0.046365,vapor
379,509.36,3.1297,0.86884,1.1510,46.898,50.500,111.14,42.295,66.026,503.78,17.981,16.926,0.046526,vapor
380,509.99,3.1647,0.87862,1.1381,46.898,50.500,111.06,42.389,66.284,503.71,17.888,16.948,0.046688,vapor
381,510.61,3.2000,0.88849,1.1255,46.898,50.499,110.98,42.482,66.543,503.64,17.796,16.971,0.046851,vapor
382,511.23,3.2356,0.89846,1.1130,46.897,50.499,110.90,42.576,66.805,503.57,17.704,16.993,0.047015,vapor
383,511.86,3.2714,0.90852,1.1007,46.897,50.498,110.82,42.670,67.069,503.49,17.613,17.015,0.047180,vapor
384,512.48,3.3076,0.91867,1.0885,46.897,50.497,110.74,42.764,67.334,503.41,17.523,17.038,0.047345,vapor
385,513.10,3.3441,0.92892,1.0765,46.896,50.496,110.66,42.858,67.602,503.32,17.433,17.060,0.047512,vapor
386,513.73,3.3809,0.93927,1.0647,46.895,50.495,110.58,42.953,67.873,503.24,17.344,17.083,0.047679,vapor
387,514.35,3.4180,0.94972,1.0529,46.895,50.494,110.50,43.048,68.145,503.15,17.255,17.106,0.047848,vapor
388,514.97,3.4554,0.96027,1.0414,46.894,50.492,110.42,43.143,68.420,503.06,17.167,17.128,0.048017,vapor
389,515.60,3.4932,0.97092,1.0300,46.893,50.491,110.35,43.239,68.697,502.97,17.079,17.151,0.048188,vapor
390,516.22,3.5312,0.98167,1.0187,46.892,50.489,110.27,43.334,68.976,502.87,16.992,17.174,0.048359,vapor
391,516.84,3.5696,0.99252,1.0075,46.891,50.487,110.19,43.430,69.258,502.77,16.905,17.196,0.048531,vapor
392,517.46,3.6083,1.0035,0.99654,46.889,50.485,110.11,43.527,69.542,502.67,16.819,17.219,0.048705,vapor
393,518.09,3.6473,1.0145,0.98568,46.888,50.483,110.03,43.623,69.829,502.57,16.734,17.242,0.048879,vapor
394,518.71,3.6866,1.0257,0.97495,46.886,50.481,109.95,43.720,70.118,502.46,16.649,17.265,0.049055,vapor
395,519.33,3.7263,1.0370,0.96435,46.885,50.478,109.87,43.817,70.409,502.35,16.564,17.288,0.049232,vapor
396,519.96,3.7662,1.0483,0.95389,46.883,50.475,109.79,43.914,70.703,502.24,16.480,17.311,0.049409,vapor
397,520.58,3.8065,1.0598,0.94355,46.881,50.473,109.71,44.011,71.000,502.12,16.397,17.334,0.049588,vapor
398,521.20,3.8472,1.0714,0.93334,46.879,50.470,109.64,44.109,71.299,502.01,16.314,17.357,0.049768,vapor
399,521.83,3.8881,1.0831,0.92326,46.877,50.467,109.56,44.207,71.601,501.89,16.232,17.380,0.049949,vapor
400,522.45,3.9294,1.0949,0.91329,46.875,50.463,109.48,44.305,71.906,501.76,16.150,17.403,0.050131,vapor
401,523.07,3.9711,1.1069,0.90345,46.872,50.460,109.40,44.404,72.213,501.64,16.068,17.426,0.050314,vapor
402,523.70,4.0130,1.1189,0.89373,46.870,50.456,109.32,44.503,72.523,501.51,15.988,17.450,0.050498,vapor
403,524.32,4.0553,1.1311,0.88413,46.867,50.453,109.24,44.602,72.836,501.38,15.907,17.473,0.050684,vapor
404,524.94,4.0980,1.1433,0.87464,46.864,50.449,109.16,44.701,73.152,501.24,15.827,17.496,0.050871,vapor
405,525.57,4.1410,1.1557,0.86527,46.862,50.445,109.08,44.801,73.471,501.11,15.748,17.520,0.051058,vapor
406,526.19,4.1843,1.1682,0.85600,46.859,50.440,109.00,44.901,73.793,500.97,15.669,17.543,0.051248,vapor
407,526.81,4.2280,1.1808,0.84685,46.856,50.436,108.93,45.001,74.118,500.82,15.591,17.567,0.051438,vapor
408,527.44,4.2720,1.1936,0.83781,46.852,50.431,108.85,45.102,74.445,500.68,15.513,17.590,0.051629,vapor
409,528.06,4.3164,1.2064,0.82888,46.849,50.427,108.77,45.203,74.776,500.53,15.435,17.614,0.051822,vapor
410,528.68,4.3612,1.2194,0.82005,46.845,50.422,108.69,45.304,75.110,500.38,15.358,17.638,0.052016,vapor
411,529.31,4.4062,1.2325,0.81133,46.842,50.417,108.61,45.405,75.448,500.22,15.281,17.662,0.052212,vapor
412,529.93,4.4517,1.2458,0.80271,46.838,50.411,108.53,45.507,75.788,500.07,15.205,17.685,0.052408,vapor
413,530.55,4.4975,1.2591,0.79419,46.834,50.406,108.45,45.609,76.132,499.91,15.130,17.709,0.052606,vapor
414,531.18,4.5436,1.2726,0.78578,46.830,50.400,108.37,45.712,76.479,499.74,15.054,17.733,0.052806,vapor
415,531.80,4.5902,1.2862,0.77746,46.826,50.395,108.29,45.814,76.830,499.58,14.979,17.757,0.053006,vapor
416,532.42,4.6371,1.3000,0.76924,46.822,50.389,108.21,45.917,77.184,499.41,14.905,17.781,0.053209,vapor
417,533.05,4.6843,1.3139,0.76112,46.817,50.383,108.13,46.021,77.541,499.24,14.831,17.805,0.053412,vapor
418,533.67,4.7319,1.3279,0.75309,46.813,50.376,108.05,46.124,77.902,499.06,14.758,17.830,0.053617,vapor
419,534.29,4.7799,1.3420,0.74515,46.808,50.370,107.97,46.228,78.267,498.88,14.685,17.854,0.053823,vapor
420,534.92,4.8283,1.3563,0.73731,46.803,50.363,107.90,46.333,78.636,498.70,14.612,17.878,0.054031,vapor
421,535.54,4.8770,1.3707,0.72955,46.798,50.356,107.82,46.437,79.008,498.52,14.540,17.903,0.054241,vapor
422,536.16,4.9261,1.3853,0.72189,46.793,50.349,107.74,46.542,79.384,498.33,14.468,17.927,0.054451,vapor
423,536.78,4.9756,1.3999,0.71431,46.788,50.342,107.66,46.648,79.764,498.14,14.397,17.952,0.054664,vapor
424,537.41,5.0254,1.4148,0.70683,46.782,50.335,107.58,46.753,80.148,497.94,14.326,17.977,0.054878,vapor
425,538.03,5.0757,1.4298,0.69942,46.777,50.327,107.50,46.859,80.536,497.75,14.255,18.001,0.055093,vapor
426,538.65,5.1263,1.4449,0.69210,46.771,50.319,107.42,46.966,80.928,497.55,14.185,18.026,0.055310,vapor
427,539.28,5.1773,1.4601,0.68487,46.765,50.311,107.34,47.072,81.324,497.34,14.115,18.051,0.055529,vapor
428,539.90,5.2287,1.4755,0.67772,46.759,50.303,107.26,47.180,81.725,497.13,14.046,18.076,0.055749,vapor
429,540.52,5.2805,1.4911,0.67065,46.753,50.295,107.18,47.287,82.129,496.92,13.977,18.101,0.055971,vapor
430,541.15,5.3327,1.5068,0.66366,46.747,50.286,107.10,47.395,82.539,496.71,13.908,18.126,0.056195,vapor
431,541.77,5.3852,1.5227,0.65674,46.740,50.277,107.02,47.503,82.952,496.49,13.840,18.151,0.056420,vapor
432,542.39,5.4382,1.5387,0.64991,46.734,50.268,106.94,47.612,83.370,496.27,13.772,18.177,0.056648,vapor
433,543.02,5.4916,1.5548,0.64315,46.727,50.259,106.86,47.720,83.793,496.05,13.704,18.202,0.056877,vapor
434,543.64,5.5453,1.5712,0.63647,46.720,50.250,106.77,47.830,84.221,495.82,13.637,18.228,0.057107,vapor
435,544.26,5.5995,1.5876,0.62986,46.713,50.240,106.69,47.939,84.653,495.59,13.571,18.253,0.057340,vapor
436,544.89,5.6540,1.6043,0.62333,46.706,50.230,106.61,48.050,85.090,495.36,13.504,18.279,0.057574,vapor
437,545.51,5.7090,1.6211,0.61687,46.699,50.220,106.53,48.160,85.532,495.12,13.438,18.305,0.057811,vapor
438,546.13,5.7644,1.6381,0.61048,46.691,50.210,106.45,48.271,85.979,494.88,13.373,18.331,0.058049,vapor
439,546.76,5.8202,1.6552,0.60416,46.683,50.200,106.37,48.382,86.432,494.64,13.307,18.357,0.058290,vapor
440,547.38,5.8764,1.6725,0.59791,46.675,50.189,106.29,48.494,86.889,494.39,13.242,18.383,0.058532,vapor
441,548.00,5.9330,1.6900,0.59173,46.667,50.178,106.21,48.606,87.352,494.14,13.178,18.409,0.058776,vapor
442,548.63,5.9900,1.7076,0.58562,46.659,50.167,106.13,48.718,87.820,493.88,13.113,18.435,0.059023,vapor
443,549.25,6.0474,1.7254,0.57958,46.651,50.156,106.04,48.831,88.294,493.63,13.050,18.462,0.059271,vapor
444,549.87,6.1053,1.7434,0.57360,46.642,50.144,105.96,48.945,88.774,493.36,12.986,18.488,0.059522,vapor
445,550.50,6.1636,1.7615,0.56768,46.634,50.133,105.88,49.058,89.259,493.10,12.923,18.515,0.059775,vapor
446,551.12,6.2223,1.7799,0.56183,46.625,50.121,105.80,49.172,89.750,492.83,12.860,18.542,0.060030,vapor
447,551.74,6.2814,1.7984,0.55605,46.616,50.108,105.72,49.287,90.248,492.56,12.797,18.568,0.060288,vapor
448,552.37,6.3410,1.8171,0.55032,46.606,50.096,105.64,49.402,90.751,492.28,12.735,18.595,0.060547,vapor
449,552.99,6.4010,1.8360,0.54466,46.597,50.083,105.55,49.518,91.260,492.00,12.673,18.622,0.060809,vapor
450,553.61,6.4614,1.8551,0.53906,46.587,50.070,105.47,49.633,91.776,491.71,12.611,18.650,0.061074,vapor
451,554.24,6.5223,1.8743,0.53352,46.578,50.057,105.39,49.750,92.299,491.43,12.550,18.677,0.061341,vapor
452,554.86,6.5836,1.8938,0.52804,46.568,50.044,105.31,49.867,92.828,491.13,12.489,18.705,0.061610,vapor
453,555.48,6.6453,1.9135,0.52261,46.558,50.030,105.22,49.984,93.363,490.84,12.428,18.732,0.061882,vapor
454,556.10,6.7075,1.9333,0.51725,46.547,50.017,105.14,50.102,93.906,490.54,12.368,18.760,0.062157,vapor
455,556.73,6.7701,1.9534,0.51194,46.537,50.003,105.06,50.220,94.455,490.24,12.308,18.788,0.062434,vapor
456,557.35,6.8332,1.9736,0.50669,46.526,49.988,104.97,50.338,95.012,489.93,12.248,18.816,0.062714,vapor
457,557.97,6.8967,1.9941,0.50149,46.515,49.974,104.89,50.458,95.576,489.62,12.188,18.844,0.062996,vapor
458,558.60,6.9607,2.0147,0.49635,46.504,49.959,104.81,50.577,96.147,489.30,12.129,18.872,0.063282,vapor
459,559.22,7.0251,2.0356,0.49126,46.493,49.944,104.72,50.697,96.726,488.98,12.070,18.901,0.063570,vapor
460,559.84,7.0900,2.0567,0.48622,46.481,49.928,104.64,50.818,97.313,488.66,12.012,18.929,0.063861,vapor
461,560.47,7.1553,2.0780,0.48124,46.469,49.913,104.55,50.939,97.908,488.33,11.953,18.958,0.064155,vapor
462,561.09,7.2211,2.0995,0.47631,46.458,49.897,104.47,51.060,98.511,488.00,11.895,18.987,0.064452,vapor
463,561.71,7.2873,2.1212,0.47143,46.445,49.881,104.38,51.183,99.122,487.67,11.837,19.016,0.064753,vapor
464,562.34,7.3541,2.1432,0.46660,46.433,49.865,104.30,51.305,99.741,487.33,11.780,19.045,0.065056,vapor
465,562.96,7.4212,2.1653,0.46182,46.421,49.848,104.21,51.428,100.37,486.98,11.722,19.074,0.065363,vapor
466,563.58,7.4889,2.1877,0.45709,46.408,49.831,104.13,51.552,101.01,486.63,11.665,19.104,0.065672,vapor
467,564.21,7.5570,2.2104,0.45241,46.395,49.814,104.04,51.676,101.65,486.28,11.609,19.133,0.065986,vapor
468,564.83,7.6256,2.2333,0.44778,46.382,49.796,103.96,51.801,102.31,485.92,11.552,19.163,0.066302,vapor
469,565.45,7.6947,2.2564,0.44319,46.368,49.779,103.87,51.926,102.97,485.56,11.496,19.193,0.066623,vapor
470,566.08,7.7642,2.2797,0.43865,46.355,49.761,103.79,52.052,103.65,485.20,11.440,19.223,0.066946,vapor
471,566.70,7.8343,2.3033,0.43416,46.341,49.742,103.70,52.178,104.33,484.83,11.384,19.254,0.067274,vapor
472,567.32,7.9048,2.3272,0.42971,46.327,49.724,103.61,52.305,105.02,484.45,11.329,19.284,0.067605,vapor
473,567.95,7.9758,2.3513,0.42531,46.313,49.705,103.53,52.432,105.73,484.07,11.273,19.315,0.067940,vapor
474,568.57,8.0473,2.3756,0.42095,46.298,49.686,103.44,52.560,106.44,483.69,11.218,19.346,0.068279,vapor
475,569.19,8.1193,2.4002,0.41663,46.284,49.666,103.35,52.689,107.17,483.30,11.164,19.377,0.068622,vapor
476,569.82,8.1917,2.4251,0.41236,46.269,49.646,103.27,52.818,107.91,482.91,11.109,19.409,0.068969,vapor
477,570.44,8.2647,2.4502,0.40813,46.253,49.626,103.18,52.948,108.66,482.51,11.055,19.440,0.069320,vapor
478,571.06,8.3382,2.4756,0.40394,46.238,49.606,103.09,53.078,109.42,482.11,11.001,19.472,0.069676,vapor
479,571.69,8.4121,2.5013,0.39979,46.222,49.585,103.00,53.209,110.19,481.70,10.947,19.504,0.070036,vapor
480,572.31,8.4866,2.5272,0.39569,46.206,49.564,102.91,53.341,110.97,481.29,10.893,19.536,0.070400,vapor
481,572.93,8.5616,2.5535,0.39162,46.190,49.543,102.82,53.473,111.77,480.88,10.840,19.568,0.070770,vapor
482,573.56,8.6370,2.5800,0.38760,46.174,49.521,102.74,53.605,112.58,480.45,10.787,19.601,0.071143,vapor
483,574.18,8.7130,2.6068,0.38361,46.157,49.499,102.65,53.739,113.40,480.03,10.734,19.634,0.071522,vapor
484,574.80,8.7895,2.6339,0.37967,46.140,49.477,102.56,53.873,114.24,479.60,10.681,19.667,0.071905,vapor
485,575.42,8.8666,2.6613,0.37576,46.123,49.454,102.47,54.008,115.09,479.16,10.628,19.700,0.072294,vapor
486,576.05,8.9441,2.6890,0.37189,46.105,49.432,102.38,54.143,115.95,478.72,10.576,19.734,0.072688,vapor
487,576.67,9.0221,2.7170,0.36806,46.088,49.408,102.29,54.279,116.83,478.27,10.524,19.767,0.073087,vapor
488,577.29,9.1007,2.7453,0.36426,46.070,49.385,102.19,54.415,117.72,477.82,10.472,19.802,0.073492,vapor
489,577.92,9.1798,2.7739,0.36050,46.051,49.361,102.10,54.553,118.63,477.37,10.420,19.836,0.073902,vapor
490,578.54,9.2595,2.8029,0.35677,46.033,49.336,102.01,54.691,119.55,476.90,10.368,19.870,0.074318,vapor
491,579.16,9.3396,2.8322,0.35309,46.014,49.311,101.92,54.829,120.49,476.44,10.317,19.905,0.074740,vapor
492,579.79,9.4203,2.8618,0.34943,45.995,49.286,101.83,54.969,121.45,475.97,10.266,19.940,0.075167,vapor
493,580.41,9.5016,2.8917,0.34581,45.975,49.261,101.74,55.109,122.42,475.49,10.215,19.976,0.075602,vapor
494,581.03,9.5833,2.9220,0.34223,45.955,49.235,101.64,55.250,123.41,475.00,10.164,20.012,0.076042,vapor
495,581.66,9.6657,2.9527,0.33868,45.935,49.209,101.55,55.391,124.42,474.52,10.113,20.048,0.076489,vapor
496,582.28,9.7485,2.9837,0.33516,45.915,49.182,101.46,55.534,125.45,474.02,10.063,20.084,0.076943,vapor
497,582.90,9.8319,3.0150,0.33167,45.894,49.155,101.36,55.677,126.50,473.52,10.012,20.120,0.077403,vapor
498,583.53,9.9159,3.0467,0.32822,45.873,49.128,101.27,55.820,127.56,473.02,9.9622,20.157,0.077871,vapor
499,584.15,10.000,3.0788,0.32480,45.852,49.100,101.17,55.965,128.65,472.50,9.9122,20.195,0.078346,vapor
500,584.77,10.085,3.1113,0.32141,45.831,49.072,101.08,56.110,129.76,471.99,9.8623,20.232,0.078828,vapor
501,585.40,10.171,3.1441,0.31805,45.809,49.044,100.98,56.256,130.88,471.46,9.8126,20.270,0.079318,vapor
502,586.02,10.257,3.1774,0.31472,45.786,49.015,100.89,56.403,132.03,470.93,9.7630,20.308,0.079816,vapor
503,586.64,10.344,3.2110,0.31143,45.764,48.985,100.79,56.551,133.21,470.40,9.7136,20.347,0.080323,vapor
504,587.27,10.431,3.2451,0.30816,45.741,48.955,100.69,56.700,134.40,469.86,9.6644,20.386,0.080837,vapor
505,587.89,10.519,3.2796,0.30492,45.718,48.925,100.59,56.849,135.62,469.31,9.6153,20.425,0.081360,vapor
506,588.51,10.608,3.3144,0.30171,45.694,48.895,100.50,56.999,136.87,468.76,9.5663,20.465,0.081892,vapor
507,589.14,10.697,3.3497,0.29853,45.670,48.863,100.40,57.150,138.14,468.20,9.5174,20.505,0.082433,vapor
508,589.76,10.786,3.3855,0.29538,45.646,48.832,100.30,57.302,139.43,467.63,9.4687,20.545,0.082984,vapor
509,590.38,10.877,3.4217,0.29225,45.621,48.800,100.20,57.455,140.76,467.06,9.4201,20.586,0.083544,vapor
510,591.01,10.967,3.4583,0.28916,45.596,48.767,100.10,57.609,142.11,466.48,9.3717,20.628,0.084114,vapor
511,591.63,11.059,3.4954,0.28609,45.571,48.734,100.00,57.764,143.49,465.89,9.3233,20.669,0.084695,vapor
512,592.25,11.151,3.5330,0.28305,45.545,48.701,99.900,57.919,144.90,465.30,9.2751,20.711,0.085286,vapor
513,592.88,11.243,3.5711,0.28003,45.518,48.667,99.799,58.076,146.34,464.70,9.2270,20.754,0.085887,vapor
514,593.50,11.336,3.6096,0.27704,45.492,48.632,99.697,58.233,147.81,464.09,9.1790,20.797,0.086501,vapor
515,594.12,11.430,3.6486,0.27408,45.465,48.598,99.595,58.392,149.32,463.48,9.1311,20.841,0.087125,vapor
516,594.74,11.525,3.6882,0.27114,45.437,48.562,99.492,58.552,150.86,462.86,9.0833,20.885,0.087762,vapor
517,595.37,11.620,3.7282,0.26822,45.409,48.526,99.388,58.712,152.44,462.23,9.0356,20.929,0.088411,vapor
518,595.99,11.715,3.7688,0.26533,45.381,48.490,99.284,58.874,154.05,461.59,8.9880,20.974,0.089073,vapor
519,596.61,11.811,3.8100,0.26247,45.352,48.453,99.180,59.036,155.70,460.95,8.9405,21.020,0.089748,vapor
520,597.24,11.908,3.8517,0.25963,45.323,48.415,99.074,59.200,157.39,460.30,8.8930,21.066,0.090436,vapor
521,597.86,12.006,3.8939,0.25681,45.294,48.377,98.968,59.365,159.12,459.64,8.8457,21.112,0.091139,vapor
522,598.48,12.104,3.9367,0.25402,45.264,48.338,98.862,59.531,160.90,458.98,8.7984,21.159,0.091856,vapor
523,599.11,12.202,3.9801,0.25125,45.233,48.299,98.755,59.698,162.71,458.30,8.7512,21.207,0.092588,vapor
524,599.73,12.302,4.0242,0.24850,45.202,48.259,98.647,59.866,164.58,457.62,8.7041,21.255,0.093336,vapor
525,600.35,12.402,4.0688,0.24577,45.170,48.218,98.538,60.035,166.49,456.93,8.6570,21.304,0.094100,vapor
526,600.98,12.502,4.1140,0.24307,45.138,48.177,98.429,60.206,168.45,456.24,8.6100,21.354,0.094880,vapor
527,601.60,12.604,4.1599,0.24039,45.106,48.136,98.319,60.378,170.46,455.53,8.5630,21.404,0.095678,vapor
528,602.22,12.705,4.2065,0.23773,45.073,48.093,98.208,60.551,172.52,454.81,8.5161,21.455,0.096493,vapor
529,602.85,12.808,4.2537,0.23509,45.039,48.050,98.096,60.725,174.64,454.09,8.4692,21.506,0.097327,vapor
530,603.47,12.911,4.3017,0.23247,45.005,48.007,97.984,60.901,176.82,453.36,8.4224,21.558,0.098180,vapor
531,604.09,13.015,4.3503,0.22987,44.971,47.962,97.871,61.078,179.06,452.62,8.3756,21.611,0.099053,vapor
532,604.72,13.119,4.3996,0.22729,44.936,47.917,97.757,61.257,181.36,451.87,8.3289,21.665,0.099947,vapor
533,605.34,13.225,4.4497,0.22473,44.900,47.872,97.642,61.437,183.73,451.11,8.2821,21.719,0.10086,vapor
534,605.96,13.331,4.5006,0.22219,44.863,47.825,97.526,61.618,186.17,450.34,8.2354,21.775,0.10180,vapor
535,606.59,13.437,4.5522,0.21967,44.826,47.778,97.410,61.801,188.68,449.56,8.1887,21.831,0.10276,vapor
536,607.21,13.544,4.6046,0.21717,44.789,47.730,97.292,61.985,191.26,448.77,8.1420,21.888,0.10374,vapor
537,607.83,13.652,4.6579,0.21469,44.751,47.682,97.174,62.171,193.92,447.97,8.0953,21.945,0.10475,vapor
538,608.46,13.761,4.7120,0.21223,44.712,47.632,97.055,62.359,196.67,447.16,8.0486,22.004,0.10578,vapor
539,609.08,13.870,4.7669,0.20978,44.673,47.582,96.934,62.548,199.50,446.34,8.0019,22.063,0.10685,vapor
540,609.70,13.980,4.8227,0.20735,44.632,47.531,96.813,62.739,202.42,445.51,7.9552,22.124,0.10794,vapor
541,610.33,14.090,4.8795,0.20494,44.592,47.479,96.691,62.931,205.43,444.67,7.9084,22.185,0.10905,vapor
542,610.95,14.202,4.9372,0.20254,44.550,47.427,96.567,63.126,208.55,443.82,7.8617,22.248,0.11020,vapor
543,611.57,14.314,4.9959,0.20017,44.508,47.373,96.443,63.322,211.77,442.96,7.8149,22.311,0.11138,vapor
544,612.20,14.427,5.0555,0.19780,44.465,47.318,96.317,63.521,215.10,442.08,7.7680,22.376,0.11259,vapor
545,612.82,14.540,5.1162,0.19546,44.421,47.263,96.190,63.721,218.55,441.19,7.7211,22.442,0.11384,vapor
546,613.44,14.654,5.1779,0.19313,44.377,47.207,96.062,63.923,222.12,440.29,7.6742,22.508,0.11513,vapor
547,614.06,14.769,5.2408,0.19081,44.331,47.149,95.933,64.127,225.82,439.38,7.6271,22.577,0.11645,vapor
548,614.69,14.885,5.3047,0.18851,44.285,47.091,95.802,64.334,229.65,438.46,7.5800,22.646,0.11781,vapor
549,615.31,15.001,5.3698,0.18623,44.238,47.032,95.670,64.543,233.63,437.52,7.5328,22.716,0.11921,vapor
550,615.93,15.118,5.4361,0.18395,44.190,46.971,95.537,64.754,237.77,436.56,7.4856,22.788,0.12065,vapor
551,616.56,15.236,5.5037,0.18170,44.142,46.910,95.402,64.968,242.07,435.60,7.4382,22.862,0.12214,vapor
552,617.18,15.355,5.5725,0.17945,44.092,46.847,95.266,65.184,246.54,434.62,7.3907,22.937,0.12367,vapor
553,617.80,15.474,5.6426,0.17722,44.041,46.784,95.128,65.403,251.19,433.62,7.3431,23.013,0.12526,vapor
554,618.43,15.594,5.7141,0.17501,43.990,46.719,94.989,65.625,256.04,432.61,7.2954,23.091,0.12689,vapor
555,619.05,15.715,5.7870,0.17280,43.937,46.653,94.848,65.849,261.10,431.58,7.2475,23.170,0.12858,vapor
556,619.67,15.837,5.8614,0.17061,43.884,46.585,94.706,66.077,266.38,430.54,7.1995,23.251,0.13033,vapor
557,620.30,15.959,5.9373,0.16843,43.829,46.517,94.562,66.308,271.90,429.48,7.1513,23.334,0.13214,vapor
558,620.92,16.082,6.0149,0.16626,43.773,46.447,94.416,66.542,277.67,428.40,7.1029,23.419,0.13401,vapor
559,621.54,16.206,6.0940,0.16410,43.716,46.375,94.268,66.779,283.72,427.31,7.0543,23.506,0.13594,vapor
560,622.17,16.331,6.1749,0.16195,43.658,46.303,94.118,67.020,290.06,426.19,7.0055,23.595,0.13795,vapor
561,622.79,16.457,6.2575,0.15981,43.598,46.228,93.966,67.265,296.71,425.06,6.9565,23.686,0.14003,vapor
562,623.41,16.583,6.3420,0.15768,43.538,46.152,93.812,67.514,303.71,423.90,6.9073,23.779,0.14219,vapor
563,624.04,16.710,6.4285,0.15556,43.475,46.075,93.656,67.767,311.08,422.73,6.8578,23.874,0.14444,vapor
564,624.66,16.838,6.5169,0.15345,43.412,45.996,93.498,68.025,318.84,421.53,6.8080,23.972,0.14677,vapor
565,625.28,16.967,6.6075,0.15134,43.347,45.915,93.337,68.287,327.05,420.31,6.7580,24.073,0.14920,vapor
566,625.91,17.097,6.7003,0.14925,43.281,45.832,93.174,68.555,335.72,419.07,6.7076,24.176,0.15172,vapor
567,626.53,17.227,6.7955,0.14716,43.213,45.748,93.008,68.828,344.91,417.80,6.6569,24.282,0.15436,vapor
568,627.15,17.358,6.8931,0.14507,43.143,45.661,92.839,69.107,354.67,416.50,6.6058,24.391,0.15711,vapor
569,627.78,17.490,6.9932,0.14300,43.071,45.572,92.667,69.391,365.05,415.18,6.5543,24.503,0.15998,vapor
570,628.40,17.623,7.0961,0.14092,42.998,45.482,92.493,69.683,376.11,413.83,6.5024,24.619,0.16298,vapor
571,629.02,17.757,7.2018,0.13885,42.923,45.389,92.315,69.981,387.93,412.44,6.4501,24.738,0.16612,vapor
572,629.65,17.892,7.3105,0.13679,42.846,45.293,92.134,70.287,400.58,411.03,6.3972,24.861,0.16941,vapor
573,630.27,18.028,7.4224,0.13473,42.766,45.195,91.949,70.601,414.17,409.58,6.3438,24.988,0.17287,vapor
574,630.89,18.164,7.5377,0.13267,42.685,45.095,91.761,70.924,428.81,408.10,6.2899,25.120,0.17651,vapor
575,631.52,18.301,7.6567,0.13061,42.601,44.991,91.568,71.257,444.61,406.57,6.2353,25.256,0.18034,vapor
576,632.14,18.440,7.7794,0.12854,42.514,44.885,91.371,71.600,461.74,405.01,6.1801,25.397,0.18438,vapor
577,632.76,18.579,7.9063,0.12648,42.425,44.775,91.169,71.955,480.37,403.39,6.1241,25.543,0.18865,vapor
578,633.39,18.719,8.0376,0.12441,42.333,44.662,90.963,72.323,500.72,401.74,6.0674,25.696,0.19318,vapor
579,634.01,18.860,8.1737,0.12234,42.237,44.545,90.751,72.705,523.03,400.03,6.0097,25.854,0.19799,vapor
580,634.63,19.002,8.3149,0.12027,42.139,44.424,90.534,73.102,547.61,398.26,5.9511,26.020,0.20311,vapor
581,635.25,19.145,8.4617,0.11818,42.037,44.299,90.310,73.517,574.84,396.43,5.8914,26.192,0.20857,vapor
582,635.88,19.289,8.6146,0.11608,41.930,44.169,90.080,73.952,605.17,394.54,5.8305,26.374,0.21443,vapor
583,636.50,19.433,8.7741,0.11397,41.820,44.035,89.842,74.409,639.19,392.57,5.7684,26.564,0.22073,vapor
584,637.12,19.579,8.9409,0.11184,41.705,43.895,89.596,74.891,677.61,390.52,5.7047,26.764,0.22754,vapor
585,637.75,19.726,9.1159,0.10970,41.584,43.748,89.340,75.402,721.36,388.37,5.6394,26.975,0.23493,vapor
586,638.37,19.874,9.3000,0.10753,41.458,43.595,89.075,75.947,771.66,386.13,5.5722,27.200,0.24298,vapor
587,638.99,20.023,9.4943,0.10533,41.325,43.434,88.798,76.531,830.09,383.76,5.5028,27.439,0.25183,vapor
588,639.62,20.173,9.7002,0.10309,41.185,43.265,88.509,77.162,898.81,381.26,5.4310,27.694,0.26162,vapor
589,640.24,20.324,9.9194,0.10081,41.036,43.085,88.204,77.848,980.81,378.59,5.3562,27.969,0.27255,vapor
590,640.86,20.476,10.154,0.098482,40.878,42.894,87.883,78.602,1080.3,375.74,5.2782,28.267,0.28486,vapor
591,641.49,20.629,10.407,0.096088,40.708,42.690,87.541,79.438,1203.5,372.65,5.1961,28.594,0.29892,vapor
592,642.11,20.783,10.682,0.093615,40.524,42.470,87.175,80.379,1359.9,369.29,5.1092,28.954,0.31521,vapor
593,642.73,20.939,10.984,0.091043,40.324,42.230,86.780,81.452,1564.6,365.57,5.0166,29.358,0.33445,vapor
594,643.36,21.096,11.319,0.088345,40.103,41.966,86.348,82.702,1843.0,361.38,4.9167,29.819,0.35771,vapor
595,643.98,21.254,11.699,0.085480,39.855,41.672,85.869,84.192,2241.7,356.58,4.8078,30.357,0.38677,vapor
596,644.60,21.413,12.137,0.082391,39.572,41.336,85.326,86.026,2854.6,350.89,4.6872,31.006,0.42469,vapor
597,645.23,21.574,12.662,0.078979,39.238,40.942,84.695,88.389,3902.2,343.84,4.5508,31.827,0.47755,vapor
598,645.85,21.736,13.323,0.075059,38.825,40.457,83.925,91.674,6046.6,334.45,4.3918,32.950,0.56016,vapor
599,646.47,21.899,14.257,0.070139,38.260,39.796,82.884,97.125,12641.,319.80,4.1939,34.765,0.72825,vapor
600,647.10,22.064,17.874,0.055948,36.314,37.548,79.393,undefined,undefined,undefined,3.7410,94.111,undefined,vapor
